-- phpMyAdmin SQL Dump
-- version 3.5.1
-- http://www.phpmyadmin.net
--
-- 主机: localhost
-- 生成日期: 2015 年 06 月 29 日 09:32
-- 服务器版本: 5.5.24-log
-- PHP 版本: 5.3.13

SET SQL_MODE="NO_AUTO_VALUE_ON_ZERO";
SET time_zone = "+00:00";


/*!40101 SET @OLD_CHARACTER_SET_CLIENT=@@CHARACTER_SET_CLIENT */;
/*!40101 SET @OLD_CHARACTER_SET_RESULTS=@@CHARACTER_SET_RESULTS */;
/*!40101 SET @OLD_COLLATION_CONNECTION=@@COLLATION_CONNECTION */;
/*!40101 SET NAMES utf8 */;

--
-- 数据库: `mpcz`
--

-- --------------------------------------------------------

--
-- 表的结构 `admin`
--

CREATE TABLE IF NOT EXISTS `admin` (
  `id` int(11) NOT NULL AUTO_INCREMENT,
  `user_name` varchar(32) NOT NULL DEFAULT '',
  `password` char(32) NOT NULL DEFAULT '',
  `last_login_ip` varchar(32) NOT NULL DEFAULT '',
  `last_login_time` varchar(32) NOT NULL DEFAULT '',
  `state` tinyint(4) NOT NULL DEFAULT '0',
  `group_id` tinyint(4) NOT NULL DEFAULT '0',
  PRIMARY KEY (`id`)
) ENGINE=MyISAM  DEFAULT CHARSET=utf8 AUTO_INCREMENT=7 ;

--
-- 转存表中的数据 `admin`
--

INSERT INTO `admin` (`id`, `user_name`, `password`, `last_login_ip`, `last_login_time`, `state`, `group_id`) VALUES
(6, 'admin', 'e10adc3949ba59abbe56e057f20f883e', '127.0.0.1', '1435568617', 0, 0);

-- --------------------------------------------------------

--
-- 表的结构 `admin_access`
--

CREATE TABLE IF NOT EXISTS `admin_access` (
  `role_id` smallint(6) unsigned NOT NULL,
  `node_id` smallint(6) unsigned NOT NULL,
  `level` tinyint(1) NOT NULL,
  `module` varchar(50) DEFAULT NULL,
  KEY `groupId` (`role_id`),
  KEY `nodeId` (`node_id`)
) ENGINE=MyISAM DEFAULT CHARSET=utf8;

-- --------------------------------------------------------

--
-- 表的结构 `admin_node`
--

CREATE TABLE IF NOT EXISTS `admin_node` (
  `id` smallint(6) unsigned NOT NULL AUTO_INCREMENT,
  `name` varchar(20) NOT NULL,
  `title` varchar(50) DEFAULT NULL,
  `status` tinyint(1) DEFAULT '0',
  `remark` varchar(255) DEFAULT NULL,
  `sort` smallint(6) unsigned DEFAULT NULL,
  `pid` smallint(6) unsigned NOT NULL,
  `level` tinyint(1) unsigned NOT NULL,
  PRIMARY KEY (`id`),
  KEY `level` (`level`),
  KEY `pid` (`pid`),
  KEY `status` (`status`),
  KEY `name` (`name`)
) ENGINE=MyISAM DEFAULT CHARSET=utf8 AUTO_INCREMENT=1 ;

-- --------------------------------------------------------

--
-- 表的结构 `admin_role`
--

CREATE TABLE IF NOT EXISTS `admin_role` (
  `id` smallint(6) unsigned NOT NULL AUTO_INCREMENT,
  `name` varchar(20) NOT NULL,
  `pid` smallint(6) DEFAULT NULL,
  `status` tinyint(1) unsigned DEFAULT NULL,
  `remark` varchar(255) DEFAULT NULL,
  PRIMARY KEY (`id`),
  KEY `pid` (`pid`),
  KEY `status` (`status`),
  FULLTEXT KEY `remark` (`remark`)
) ENGINE=MyISAM  DEFAULT CHARSET=utf8 AUTO_INCREMENT=2 ;

-- --------------------------------------------------------

--
-- 表的结构 `admin_role_user`
--

CREATE TABLE IF NOT EXISTS `admin_role_user` (
  `role_id` mediumint(9) unsigned DEFAULT NULL,
  `user_id` char(32) DEFAULT NULL,
  KEY `group_id` (`role_id`),
  KEY `user_id` (`user_id`)
) ENGINE=MyISAM DEFAULT CHARSET=utf8;

--
-- 转存表中的数据 `admin_role_user`
--

INSERT INTO `admin_role_user` (`role_id`, `user_id`) VALUES
(0, '6');

-- --------------------------------------------------------

--
-- 表的结构 `advertise`
--

CREATE TABLE IF NOT EXISTS `advertise` (
  `advertise_id` int(11) NOT NULL AUTO_INCREMENT,
  `advertise_sort` int(11) NOT NULL DEFAULT '0',
  `siteid` varchar(255) NOT NULL DEFAULT '',
  `title` varchar(255) NOT NULL DEFAULT '',
  `thumb` varchar(255) NOT NULL DEFAULT '',
  `pics` text NOT NULL,
  `description` text NOT NULL,
  PRIMARY KEY (`advertise_id`)
) ENGINE=MyISAM  DEFAULT CHARSET=utf8 AUTO_INCREMENT=9 ;

--
-- 转存表中的数据 `advertise`
--

INSERT INTO `advertise` (`advertise_id`, `advertise_sort`, `siteid`, `title`, `thumb`, `pics`, `description`) VALUES
(1, 1, '1', '首页头部', '', 'a:1:{i:0;a:6:{s:3:"url";s:46:"/Public/uploads/pics/2015-06/557bd7244b985.png";s:4:"name";s:0:"";s:3:"alt";s:0:"";s:4:"sort";s:1:"1";s:4:"href";s:0:"";s:7:"content";s:0:"";}}', ''),
(2, 2, '1', '首页案例', '', 'a:5:{i:0;a:6:{s:3:"url";s:46:"/Public/uploads/pics/2015-06/557bd7745e776.png";s:4:"name";s:0:"";s:3:"alt";s:0:"";s:4:"sort";s:1:"1";s:4:"href";s:0:"";s:7:"content";s:0:"";}i:1;a:6:{s:3:"url";s:46:"/Public/uploads/pics/2015-06/557bd8c2392f3.png";s:4:"name";s:0:"";s:3:"alt";s:0:"";s:4:"sort";s:1:"2";s:4:"href";s:0:"";s:7:"content";s:0:"";}i:2;a:6:{s:3:"url";s:46:"/Public/uploads/pics/2015-06/557bd8c2507ec.png";s:4:"name";s:0:"";s:3:"alt";s:0:"";s:4:"sort";s:1:"3";s:4:"href";s:0:"";s:7:"content";s:0:"";}i:3;a:6:{s:3:"url";s:46:"/Public/uploads/pics/2015-06/557bd8c260012.png";s:4:"name";s:0:"";s:3:"alt";s:0:"";s:4:"sort";s:1:"4";s:4:"href";s:0:"";s:7:"content";s:0:"";}i:4;a:6:{s:3:"url";s:46:"/Public/uploads/pics/2015-06/557bd8c272478.png";s:4:"name";s:0:"";s:3:"alt";s:0:"";s:4:"sort";s:1:"5";s:4:"href";s:0:"";s:7:"content";s:0:"";}}', ''),
(3, 3, '1', '案例列表页广告', '', 'a:5:{i:0;a:6:{s:3:"url";s:46:"/Public/uploads/pics/2015-06/557bdf1338be2.png";s:4:"name";s:0:"";s:3:"alt";s:0:"";s:4:"sort";s:1:"8";s:4:"href";s:0:"";s:7:"content";s:0:"";}i:1;a:6:{s:3:"url";s:46:"/Public/uploads/pics/2015-06/557bdf136dd63.png";s:4:"name";s:0:"";s:3:"alt";s:0:"";s:4:"sort";s:1:"9";s:4:"href";s:0:"";s:7:"content";s:0:"";}i:2;a:6:{s:3:"url";s:46:"/Public/uploads/pics/2015-06/557bdf138a1ec.png";s:4:"name";s:0:"";s:3:"alt";s:0:"";s:4:"sort";s:2:"10";s:4:"href";s:0:"";s:7:"content";s:0:"";}i:3;a:6:{s:3:"url";s:46:"/Public/uploads/pics/2015-06/557bdf134c468.png";s:4:"name";s:0:"";s:3:"alt";s:0:"";s:4:"sort";s:2:"11";s:4:"href";s:0:"";s:7:"content";s:0:"";}i:4;a:6:{s:3:"url";s:46:"/Public/uploads/pics/2015-06/557aa5a0d96b6.png";s:4:"name";s:0:"";s:3:"alt";s:0:"";s:4:"sort";s:2:"12";s:4:"href";s:0:"";s:7:"content";s:0:"";}}', ''),
(4, 4, '1', '产品-小资-广告', '', 'a:1:{i:0;a:6:{s:3:"url";s:46:"/Public/uploads/pics/2015-06/557be0cba7e10.png";s:4:"name";s:0:"";s:3:"alt";s:0:"";s:4:"sort";s:1:"1";s:4:"href";s:0:"";s:7:"content";s:0:"";}}', ''),
(5, 5, '1', '产品-小白-广告', '', 'a:1:{i:0;a:6:{s:3:"url";s:46:"/Public/uploads/pics/2015-06/557be0d90bb4a.png";s:4:"name";s:0:"";s:3:"alt";s:0:"";s:4:"sort";s:1:"1";s:4:"href";s:0:"";s:7:"content";s:0:"";}}', ''),
(6, 6, '1', '产品-小美-广告', '', 'a:1:{i:0;a:6:{s:3:"url";s:46:"/Public/uploads/pics/2015-06/557be0e89ad48.png";s:4:"name";s:0:"";s:3:"alt";s:0:"";s:4:"sort";s:1:"1";s:4:"href";s:0:"";s:7:"content";s:0:"";}}', ''),
(7, 7, '1', '产品-美木-广告', '', 'a:1:{i:0;a:6:{s:3:"url";s:46:"/Public/uploads/pics/2015-06/557be0f7d48d3.png";s:4:"name";s:0:"";s:3:"alt";s:0:"";s:4:"sort";s:1:"1";s:4:"href";s:0:"";s:7:"content";s:0:"";}}', ''),
(8, 8, '1', '产品-专家级-广告', '', 'a:1:{i:0;a:6:{s:3:"url";s:46:"/Public/uploads/pics/2015-06/557be10545ef9.png";s:4:"name";s:0:"";s:3:"alt";s:0:"";s:4:"sort";s:1:"1";s:4:"href";s:0:"";s:7:"content";s:0:"";}}', '');

-- --------------------------------------------------------

--
-- 表的结构 `article`
--

CREATE TABLE IF NOT EXISTS `article` (
  `article_id` int(11) NOT NULL AUTO_INCREMENT,
  `article_sort` int(11) NOT NULL DEFAULT '0',
  `title` varchar(255) NOT NULL DEFAULT '',
  `keywords` varchar(255) NOT NULL DEFAULT '',
  `thumb` varchar(255) NOT NULL DEFAULT '',
  `content` text NOT NULL,
  `catalog` text NOT NULL,
  `description` text NOT NULL,
  `datetime` varchar(150) NOT NULL DEFAULT '',
  `positions` varchar(500) NOT NULL DEFAULT '',
  `siteid` varchar(255) NOT NULL DEFAULT '',
  `cat_id` int(11) NOT NULL DEFAULT '0',
  `hits` int(11) NOT NULL DEFAULT '0',
  `hits_ips` text NOT NULL COMMENT '点击量IP',
  `favor` int(11) NOT NULL DEFAULT '0',
  `favor_ips` text NOT NULL COMMENT '点赞IP记录',
  `eng_title` varchar(255) NOT NULL DEFAULT '',
  PRIMARY KEY (`article_id`)
) ENGINE=MyISAM  DEFAULT CHARSET=utf8 AUTO_INCREMENT=60 ;

--
-- 转存表中的数据 `article`
--

INSERT INTO `article` (`article_id`, `article_sort`, `title`, `keywords`, `thumb`, `content`, `catalog`, `description`, `datetime`, `positions`, `siteid`, `cat_id`, `hits`, `hits_ips`, `favor`, `favor_ips`, `eng_title`) VALUES
(20, 54, '企业介绍', '', '', '企业介绍内容', 'a:0:{}', '企业介绍描述', '1432172464', '', '1', 49, 0, '', 0, '', ''),
(21, 1431310665, '经营范围', '', '/Public/uploads/pics/2015-05/5550114786cb8.jpg', '经营范围内容', 'a:0:{}', '经营范围描述', '1431310665', '', '1', 55, 0, '', 0, '', ''),
(22, 1432105614, '案例1', '', '/Public/uploads/pics/2015-05/555410b64b517.jpg', '1999年初2，上海市又一座标志性建筑傲然屹立黄浦江畔，人们期待已久的世界第三、亚洲第二、中国内地第一的88层金茂大厦（Jinmao Tower）终于推向市场，这幢集现代办公楼、豪华五星级酒店、商业会展、高档宴会、观光、娱乐、商场等综合设施于一体，深富中华民族文化内涵，溶汇西方建筑艺术的智慧型摩天大楼，已成为当今沪上最方便舒适、最灵活安全的办公、金融、商贸、娱乐和餐饮的理想活动场所。 　　金茂大厦于1992年12月17日被批准立项，1994年5月10日动工，1997年8月28日结构封顶，至1999年3月18日开张营业，当年8月28日全面营业。金茂大厦占地2.3公顷，塔楼高420.5米，总建筑面积29万平方米。 　　金茂大厦是由美国最大的建筑师-工程师事务所之一的SOM建筑设计事务所建造的。', 'a:2:{i:0;a:6:{s:3:"url";s:48:"/./Public/uploads/pics/2015-05/5554110916340.jpg";s:4:"name";s:0:"";s:3:"alt";s:0:"";s:4:"sort";s:1:"1";s:4:"href";s:0:"";s:7:"content";s:0:"";}i:1;a:6:{s:3:"url";s:48:"/./Public/uploads/pics/2015-05/555412132c95d.jpg";s:4:"name";s:0:"";s:3:"alt";s:0:"";s:4:"sort";s:1:"3";s:4:"href";s:0:"";s:7:"content";s:0:"";}}', '1999年初2，上海市又一座标志性建筑傲然屹立黄浦江畔，人们期待已久的世界第三、亚洲第二、中国内地第一的88层金茂大厦（Jinmao Tower）终于推向市场，这幢集现代办公楼、豪华五星级酒店、商业会展、高档宴会、观光、娱乐、商场等综合设施于一体，深富中华民族文化内涵，溶汇西方建筑艺术的智慧型摩天大楼，已成为当今沪上最方便舒适、最灵活安全的办公、金融、商贸、娱乐和餐饮的理想活动场所。 　　金茂大厦于1992年12月17日被批准立项，1994年5月10日动工，1997年8月28日结构封顶，至1999年3月18日开张营业，当年8月28日全面营业。金茂大厦占地2.3公顷，塔楼高420.5米，总建筑面积29万平方米。 　　金茂大厦是由美国最大的建筑师-工程师事务所之一的SOM建筑设计事务所建造的。', '1432105614', '3', '1', 57, 0, '', 0, '', 'Shanghai jingmao'),
(24, 1431314402, '企业动态文章1', '', '', '企业动态文章1内容', 'a:0:{}', '企业动态文章1描述', '1431314402', '', '1', 60, 1, 'a:1:{i:0;s:9:"127.0.0.1";}', 1, 'a:1:{i:0;s:9:"127.0.0.1";}', ''),
(25, 1432173090, '最具价值的装修经验', '', '', '<p style="text-align:left;">\r\n	<span style="line-height:1.5;"> &nbsp; &nbsp; &nbsp; &nbsp;内容提示：如果你不是专业人士，那么八成会对家装过程不甚了解，倘若别人再提上几句家装术语，就更让你一头雾水了。别着急，我们收集了家装“前辈们”最具价值的装修经验，用“不专业”的语言，让大家轻轻松松掌握家装需要注意的问题。</span> \r\n</p>\r\n<p>\r\n	<br />\r\n</p>\r\n<p>\r\n	<strong><span style="font-size:16px;">关于水电</span></strong> \r\n</p>\r\n<p>\r\n	1.防水施工宜采用涂膜防水。\r\n</p>\r\n2.防水工程应在隐蔽工程施工完成并验收后进行。<br />\r\n3.防水施工完成后要做2次蓄水试验。<br />\r\n4.浴室防水层应该不低于1.8cm。<br />\r\n5.地漏、护阳角、管道等地方要多做1次防水工程。<br />\r\n6.地漏应选用防臭型。<br />\r\n7.冷热水管应该是左热、右冷。<br />\r\n8.水管尽量不要从地上走。<br />\r\n9.冷水管在墙表要有1cm的保护层，热水管在墙表要有1.5cm的保护层，因此槽要开得深。<br />\r\n10.装PPR管要考虑贴好瓷砖的厚度，这样管子才不会露出来。<br />\r\n11.经常做饭的人都知道，烧菜通常只需要几分钟，而洗菜却需要很长时间，所以水门一定要买大的。<br />\r\n12.水龙头和台盆要配套，否则很可能装不上去。<br />\r\n13.安装马桶时不能用水泥，要用硅胶。<br />\r\n14.马桶、水龙头安装好以后一定要注意保护。<br />\r\n15.购买马桶时要考虑马桶的坑距。<br />\r\n16.在安装洗衣机之前要考虑是采用上排水还是下排水。<br />\r\n17.卫浴间里最好不要安装电话，很容易受潮。<br />\r\n18.在卫浴间里安装镜子之前要先考虑好尺寸，否则镜前灯很容易安装过高。<br />\r\n19.卫浴间的管道最好留检修孔。<br />\r\n20.强电、弱电不能穿在同一根管子里。<br />\r\n21.插座的接线原则是左零、右相、上接地。<br />\r\n22.电源插座距地30cm，开关距地140cm。<br />\r\n23.开关不要装在门的背后。<br />\r\n24.居室内的插座多多益善。<br />\r\n25.大功率电器要用16A插座，如空调等。<br />\r\n26.暗盒一定要选用优质的。<br />\r\n27.暗盒要和面板配套，否则有可能装不上。<br />\r\n28.PVC电线管内，电线截面面积不得超过电线管截面面积的40%。<br />\r\n29.在卧室里安装空调的话，不能对着床。<br />\r\n30.空调开洞应向外倾斜，否则下雨的话雨水会进来。<br />\r\n31.灯具尽量考虑双控。<br />\r\n32.卫浴间最好安装防溅插座。<br />\r\n33.阳台上尽量也要安装插座。<br />\r\n34.电线槽要横平竖直排好，方便以后使用。<br />\r\n35.公用烟道应安装止逆阀。<br />\r\n<p>\r\n	<strong><span style="font-size:16px;"><br />\r\n</span></strong> \r\n</p>\r\n<p>\r\n	<strong><span style="font-size:16px;">关于泥工</span></strong> \r\n</p>\r\n1.水泥超过出厂日期3个月就不能使用了。<br />\r\n2.不同品种、标号的水泥不能混用。<br />\r\n3.黄砂一定要用河砂，用嘴尝味道就可以判断，由于河砂不含盐，所以不应该是咸的。<br />\r\n4.墙、地砖要浸水2个小时以上，阴干后才能贴。<br />\r\n5.墙、地砖宁可多买几片，不要少买，否则容易出现色差。<br />\r\n6.一面墙上不能有两排非整砖。<br />\r\n7.插缝完成后要立即对瓷砖进行清理。<br />\r\n8.地面贴浅色大理石砖，石材的背面要做防水。<br />\r\n9.阳角处要割45度角。<br />\r\n10.地砖要向地漏处倾斜，否则容易积水。<br />\r\n11.墙砖碰到管道口要采用套割的形式，这样看起来还是整块的砖。<br />\r\n12.地面大理石宜干铺。<br />\r\n13.地砖一定要选用耐脏、防滑的，不要只图好看。<br />\r\n14.亚光瓷砖很难清理，不建议选购。<br />\r\n15.阳台上的地砖铺设时要注意排水方向。<br />\r\n<p>\r\n	<br />\r\n</p>\r\n<p>\r\n	<span style="font-size:16px;"><strong>关<span style="font-size:18px;">于木工</span></strong></span> \r\n</p>\r\n1.地龙骨最好用烘干落叶松。<br />\r\n2.大块的木板材购买后就应该锯开并风干。<br />\r\n3.木工进场先要弹房子水平线。<br />\r\n4.花色面板一进场就要用油漆刷1遍，且要防止被弄脏。<br />\r\n5.吊扇不能装在吊顶龙骨上。<br />\r\n6.花色面板施工时要预先挑色。<br />\r\n7.吊顶的吊筋距离墙边不得大于300mm。<br />\r\n8.石膏板要用沉头自攻螺丝固定，且要进入板面1-2mm，并做防锈处理，不能用枪钉。<br />\r\n9.石膏板与钉子之间的距离不得大于200mm。<br />\r\n10.石膏板应与墙保持3mm的间隙，以便进行防裂处理。<br />\r\n11.石膏板阳角处最好做阳角条进行保护。<br />\r\n12.木门的上下冒头处要刷油漆。<br />\r\n13.卫浴间门套的底部要刷防水。<br />\r\n14.各个房间的房门大小应该一致。<br />\r\n15.家具尽量购买成品，不要让木工做，否则很容易出现各种各样的问题。<br />\r\n16.最好选购整体橱柜，与家具一样，也不要让木工做，否则不仅质量很可能不过关，设计也不够好。<br />\r\n17.木工做的移门不要采用暗轨道，否则以后不好维修。<br />\r\n18.面积较小的卫浴间应尽量多做移门，因为移门比开门要节约空间。<br />\r\n19.地板木龙骨平整度的误差应不超过5mm。<br />\r\n20.毛地板应铺成30度或45度，板和板之间要留2-3mm间隙，且缝要错开。<br />\r\n21.地板和墙之间要留8-10mm的缝。<br />\r\n22.复合地板长度超过8m时要考虑伸缩缝。<br />\r\n23.尽量少用中密度板做门套。<br />\r\n24.铰链和五金一定要选用优质产品。<br />\r\n25.浴霸要装在木龙骨上，不能直接装在吊顶上。<br />\r\n<p>\r\n	<strong><span style="font-size:18px;"><br />\r\n</span></strong> \r\n</p>\r\n<p>\r\n	<strong><span style="font-size:18px;">关于油漆</span></strong> \r\n</p>\r\n1.中、深色乳胶漆施工时尽量不要掺水，否则容易出现色差。<br />\r\n2.石膏板接缝处要上绷带，否则几个月后很容易裂开。<br />\r\n3.墙面有缝隙的地方要上涤纶布。<br />\r\n4.墙面原有的腻子最好铲除，或者刷1遍胶水封固。<br />\r\n5.尽量买知名品牌的油漆，无论装修公司或工头如何推荐，没名气的尽量不要用。<br />\r\n6.天气太潮湿的时候不要刷油漆。<br />\r\n7.下一道油漆的施工必须等前一道油漆干透后进行，同理，油漆、涂料的打磨也要等完全干透后进行。<br />\r\n8.金属面的油漆要做防锈处理。<br />\r\n9.气温太低会造成漆面起皱、橘皮等现象，严重影响施工质量，所以当气温低于5度时，是不适合进行油漆施工的。<br />\r\n10.对房门进行油漆涂刷时，要用美纹纸贴住铰链和门锁。<br />\r\n11.天气太热时，在涂刷过油漆后，要注意通风。<br />\r\n12.贴墙纸时，要在墙上刷清油。<br />\r\n13.贴墙纸时，应事先把开关、插座的面板卸下来。<br />\r\n14.亮光、丝光的乳胶漆要一次完成，否则很容易出现色差。<br />\r\n15.踢脚线安装好后要用腻子和乳胶漆补缝。<br />\r\n<div>\r\n	<br />\r\n</div>', 'a:0:{}', '内容提示：如果你不是专业人士，那么八成会对家装过程不甚了解，倘若别人再提上几句家装术语，就更让你一头雾水了。别着急，我们收集了家装“前辈们”最具价值的装修经验，用“不专业”的语言，让大家轻轻松松掌握家装需要注意的问题。', '1432173090', '', '1', 61, 0, '', 0, '', ''),
(26, 1432176682, '建筑装饰:传统主业放缓 新业务正稳步推进', '', '/Public/uploads/pics/2015-05/555d481f97f89.jpg', '<div style="text-align:left;">\r\n	<span style="font-size:14px;"><strong>核心观点: </strong></span><span style="font-size:14px;">传统业务收入持续放缓,龙头公司盈利能力有所提升。</span> \r\n</div>\r\n<span style="font-size:14px;"> 投资增速下行已经影响到整个装饰行业的景气程度,有些公司甚至出现了负增长。装饰公司2014年的的订单情况也不乐观。金螳螂、亚厦股份、广田股份、洪涛股份2014年、2015年1季度的毛利率有所提升。龙头公司在投资下行时,主动利用信息技术提高毛利率,能体现出更好的经营稳定性。2014年,金螳螂、亚厦股份、洪涛股份的净利润增速高于毛利增速,主要是公司经营效率持续提升。与住宅地产相关业务较多的东易日盛、广田股份、瑞和股份以及全筑股份的净利率有所降低。 </span><br />\r\n<span style="font-size:14px;"> 装饰企业占用流动资金不多,但有上升趋势。 </span><br />\r\n<span style="font-size:14px;"> 2014年,大部分装饰公司的收现比有所下降,主要原因是投资不断下行使得建筑企业资金链条偏紧,结算周期拉长;装饰公司为了保持收入的快速增长可能会放宽一些项目的收款时限。同时,大部分公司主动把资金压力向供应商转移,付现比有所下降。部分装饰公司对流动资金的占用呈缓慢上升趋势。由于投资特别是房地产投资下行,这一趋势可能会持续。 </span><br />\r\n<span style="font-size:14px;"> 新业务稳步推进,收入增量将在未来逐步体现。 </span><br />\r\n<span style="font-size:14px;"> 在目前投资下行的形势下,众多装饰公司在时下纷纷选择转型或触网,主动去适应行业的变化。从各公司2014年年报来看,互联网 、金融 、医疗 、智能家居 、3D 打印 等关键词频频出现,可见是未来装饰行业的发展方向。从披露的情况来看,新业务的进展都在稳步推进。家装e 站预计在2015年完成2000家左右的城市综合服务商布局。随着加盟商在全国各地覆盖,家装业务所带来的收入增量预计将在未来陆续体现出来。 </span><br />\r\n<p>\r\n	<span style="font-size:18px;"></span> \r\n</p>\r\n<p>\r\n	<span style="font-size:18px;"><strong><br />\r\n</strong></span> \r\n</p>\r\n<p>\r\n	<span style="font-size:14px;"><strong>投资建议：</strong></span> \r\n</p>\r\n<span style="font-size:14px;"> 综上所述,经济、投资的加速下行已经显着体现在装饰公司的业绩中,不仅对订单和收入有所影响,回款的压力也在加大。但是,传统业务的下沉不应该成为关注的重点。我们更应该看到众多装饰公司为脱离周期和转型做出的努力:通过触网 或转型大力开拓新业务,资产运作培育新的盈利点。民营装饰龙头公司机制活、资产轻、转型易,在极大的市场容量中有充足的闪转腾挪余地。我们应相信民营龙头公司未来在装饰市场中不断整合甚至颠覆原有盈利模式和竞争格局的实力。我们看好这些行业和公司的未来发展,维持对装饰行业的买入评级。 </span><br />\r\n<p>\r\n	<span style="font-size:18px;"><br />\r\n</span> \r\n</p>\r\n<p>\r\n	<span style="font-size:14px;"><strong>风险提示：</strong></span> \r\n</p>\r\n<span style="font-size:14px;"> 投资下滑速度超出预期,严重影响装饰企业订单,进而影响公司业绩;新业务低于预期;回款速度低于预期。</span>', 'a:0:{}', '', '1432176682', '', '1', 59, 1, 'a:1:{i:0;s:9:"127.0.0.1";}', 1, 'a:1:{i:0;s:9:"127.0.0.1";}', ''),
(28, 1431595349, '企业介绍', '', '/Public/uploads/pics/2015-05/555469539e192.jpg', '广东建大照明有限公司是中国大地上一颗璀璨的明珠，成立于2003年，是一家集研发、生产、销售、服务于一体的专业照明企业。拥有各种先进的专业检测设备，一流的自动生产流水线。能够生产LED中高档室内及户外灯具，目前公司专注生产LED系列平板灯，借助集团小富科技有限公司专业制作导光板的技术及成本优势，以单品制胜取市场。', 'a:0:{}', '广东建大照明有限公司是中国大地上一颗璀璨的明珠，成立于2003年，是一家集研发、生产、销售、服务于一体的专业照明企业。拥有各种先进的专业检测设备，一流的自动生产流水线。能够生产LED中高档室内及户外灯具，目前公司专注生产LED系列平板灯，借助集团小富科技有限公司专业制作导光板的技术及成本优势，以单品制胜取市场。', '1431595349', '', '2', 62, 0, '', 0, '', ''),
(29, 1431593581, '轮播图1', '', '/Public/uploads/pics/2015-05/5554626a24be7.jpg', '', 'a:0:{}', '', '1431593581', '', '2', 68, 0, '', 0, '', ''),
(30, 1431593877, '轮播图2', '', '/Public/uploads/pics/2015-05/55546393ca1ef.jpg', '', 'a:0:{}', '', '1431593877', '', '2', 68, 0, '', 0, '', ''),
(31, 1431595620, '企业荣誉', '', '/Public/uploads/pics/2015-05/55546a6391041.jpg', '企业荣誉内容', 'a:0:{}', '企业荣誉描述', '1431595620', '', '2', 62, 0, '', 0, '', ''),
(32, 1431595661, '团队风采', '', '/Public/uploads/pics/2015-05/55546a8b889f9.jpg', '团队风采内容', 'a:0:{}', '团队风采', '1431595661', '', '2', 62, 0, '', 0, '', ''),
(33, 1431595688, '联系我们', '', '/Public/uploads/pics/2015-05/55546aa6f02d3.jpg', '联系我们内容', 'a:0:{}', '联系我们', '1431595688', '', '2', 62, 0, '', 0, '', ''),
(34, 1431654650, '集团管理', '', '', '集团管理内容', 'a:0:{}', '', '1431654650', '', '2', 45, 0, '', 0, '', ''),
(35, 1431656291, '足迹遍布', '', '', '足迹遍布内容', 'a:0:{}', '', '1431656291', '', '1', 56, 0, '', 0, '', ''),
(36, 1431656327, '经营范围', '', '', '经营范围内容', 'a:0:{}', '', '1431656327', '', '2', 55, 0, '', 0, '', ''),
(37, 1431668360, '案例2', '', '/Public/uploads/pics/2015-05/55558687348f4.jpg', '', 'a:0:{}', '', '1431668360', '3', '1', 57, 0, '', 0, '', 'Case'),
(38, 1431668397, '案例3', '', '/Public/uploads/pics/2015-05/555586aa4b2f9.jpg', '', 'a:0:{}', '', '1431668397', '3', '1', 57, 0, '', 0, '', ''),
(39, 1431668497, '案例4', '', '/Public/uploads/pics/2015-05/5555870ed4951.jpg', '', 'a:0:{}', '', '1431668497', '3', '1', 57, 0, '', 0, '', ''),
(40, 1432175317, '轮播图1', '', '/Public/uploads/pics/2015-05/55558b8ad2f03.jpg', '', 'a:2:{i:0;a:6:{s:3:"url";s:46:"/Public/uploads/pics/2015-05/555d42594d6a9.jpg";s:4:"name";s:0:"";s:3:"alt";s:0:"";s:4:"sort";s:1:"1";s:4:"href";s:0:"";s:7:"content";s:0:"";}i:1;a:6:{s:3:"url";s:46:"/Public/uploads/pics/2015-05/555d4262b5f87.jpg";s:4:"name";s:0:"";s:3:"alt";s:0:"";s:4:"sort";s:1:"2";s:4:"href";s:0:"";s:7:"content";s:0:"";}}', '', '1432175317', '2', '1', 72, 0, '', 0, '', ''),
(41, 1432175145, '轮播图2', '', '/Public/uploads/pics/2015-05/555d41655ae44.jpg', '', 'a:1:{i:0;a:6:{s:3:"url";s:46:"/Public/uploads/pics/2015-05/555d41416a22a.jpg";s:4:"name";s:0:"";s:3:"alt";s:0:"";s:4:"sort";s:1:"1";s:4:"href";s:0:"";s:7:"content";s:0:"";}}', '', '1432175145', '1', '1', 72, 0, '', 0, '', ''),
(43, 1432102858, '联系我们', '联系我们', '', '<p class="\\" \\\\"\\\\\\\\"\\\\\\\\\\\\\\\\"\\\\\\\\\\\\\\\\\\\\\\\\\\\\\\\\"\\\\\\\\\\\\\\\\\\\\\\\\\\\\\\\\\\\\\\\\\\\\\\\\\\\\\\\\\\\\\\\\"\\\\\\\\\\\\\\\\\\\\\\\\\\\\\\\\\\\\\\\\\\\\\\\\\\\\\\\\\\\\\\\\\\\\\\\\\\\\\\\\\\\\\\\\\\\\\\\\\\\\\\\\\\\\\\\\\\\\\\\\\\\\\\\\"msonormal\\\\\\\\\\\\\\\\\\\\\\\\\\\\\\\\\\\\\\\\\\\\\\\\\\\\\\\\\\\\\\\\\\\\\\\\\\\\\\\\\\\\\\\\\\\\\\\\\\\\\\\\\\\\\\\\\\\\\\\\\\\\\\\\"\\\\\\\\\\\\\\\\\\\\\\\\\\\\\\\\\\\\\\\\\\\\\\\\\\\\\\\\\\\\\\\\"\\\\\\\\\\\\\\\\\\\\\\\\\\\\\\\\"\\\\\\\\\\\\\\\\"\\\\\\\\"\\\\"\\""=""> <span style="font-size:16px;line-height:2;">网址：xfjz168.com</span> \r\n	</p>\r\n<p class="\\" \\\\"\\\\\\\\"\\\\\\\\\\\\\\\\"\\\\\\\\\\\\\\\\\\\\\\\\\\\\\\\\"\\\\\\\\\\\\\\\\\\\\\\\\\\\\\\\\\\\\\\\\\\\\\\\\\\\\\\\\\\\\\\\\"\\\\\\\\\\\\\\\\\\\\\\\\\\\\\\\\\\\\\\\\\\\\\\\\\\\\\\\\\\\\\\\\\\\\\\\\\\\\\\\\\\\\\\\\\\\\\\\\\\\\\\\\\\\\\\\\\\\\\\\\\\\\\\\\"msonormal\\\\\\\\\\\\\\\\\\\\\\\\\\\\\\\\\\\\\\\\\\\\\\\\\\\\\\\\\\\\\\\\\\\\\\\\\\\\\\\\\\\\\\\\\\\\\\\\\\\\\\\\\\\\\\\\\\\\\\\\\\\\\\\\"\\\\\\\\\\\\\\\\\\\\\\\\\\\\\\\\\\\\\\\\\\\\\\\\\\\\\\\\\\\\\\\\"\\\\\\\\\\\\\\\\\\\\\\\\\\\\\\\\"\\\\\\\\\\\\\\\\"\\\\\\\\"\\\\"\\""=""> <span style="font-size:16px;line-height:2;"> 电话：4008-971-388</span> \r\n</p>\r\n<p class="\\" \\\\"\\\\\\\\"\\\\\\\\\\\\\\\\"\\\\\\\\\\\\\\\\\\\\\\\\\\\\\\\\"\\\\\\\\\\\\\\\\\\\\\\\\\\\\\\\\\\\\\\\\\\\\\\\\\\\\\\\\\\\\\\\\"\\\\\\\\\\\\\\\\\\\\\\\\\\\\\\\\\\\\\\\\\\\\\\\\\\\\\\\\\\\\\\\\\\\\\\\\\\\\\\\\\\\\\\\\\\\\\\\\\\\\\\\\\\\\\\\\\\\\\\\\\\\\\\\\"msonormal\\\\\\\\\\\\\\\\\\\\\\\\\\\\\\\\\\\\\\\\\\\\\\\\\\\\\\\\\\\\\\\\\\\\\\\\\\\\\\\\\\\\\\\\\\\\\\\\\\\\\\\\\\\\\\\\\\\\\\\\\\\\\\\\"\\\\\\\\\\\\\\\\\\\\\\\\\\\\\\\\\\\\\\\\\\\\\\\\\\\\\\\\\\\\\\\\"\\\\\\\\\\\\\\\\\\\\\\\\\\\\\\\\"\\\\\\\\\\\\\\\\"\\\\\\\\"\\\\"\\""=""> <span style="font-size:16px;line-height:2;"> 传真：020-28319699</span> \r\n	</p>\r\n<p class="\\" \\\\"\\\\\\\\"\\\\\\\\\\\\\\\\"\\\\\\\\\\\\\\\\\\\\\\\\\\\\\\\\"\\\\\\\\\\\\\\\\\\\\\\\\\\\\\\\\\\\\\\\\\\\\\\\\\\\\\\\\\\\\\\\\"\\\\\\\\\\\\\\\\\\\\\\\\\\\\\\\\\\\\\\\\\\\\\\\\\\\\\\\\\\\\\\\\\\\\\\\\\\\\\\\\\\\\\\\\\\\\\\\\\\\\\\\\\\\\\\\\\\\\\\\\\\\\\\\\"msonormal\\\\\\\\\\\\\\\\\\\\\\\\\\\\\\\\\\\\\\\\\\\\\\\\\\\\\\\\\\\\\\\\\\\\\\\\\\\\\\\\\\\\\\\\\\\\\\\\\\\\\\\\\\\\\\\\\\\\\\\\\\\\\\\\"\\\\\\\\\\\\\\\\\\\\\\\\\\\\\\\\\\\\\\\\\\\\\\\\\\\\\\\\\\\\\\\\"\\\\\\\\\\\\\\\\\\\\\\\\\\\\\\\\"\\\\\\\\\\\\\\\\"\\\\\\\\"\\\\"\\""=""> <span style="font-size:16px;line-height:2;"> 邮箱：2840652873@qq.com</span> \r\n</p>\r\n<p class="\\" \\\\"\\\\\\\\"\\\\\\\\\\\\\\\\"\\\\\\\\\\\\\\\\\\\\\\\\\\\\\\\\"\\\\\\\\\\\\\\\\\\\\\\\\\\\\\\\\\\\\\\\\\\\\\\\\\\\\\\\\\\\\\\\\"\\\\\\\\\\\\\\\\\\\\\\\\\\\\\\\\\\\\\\\\\\\\\\\\\\\\\\\\\\\\\\\\\\\\\\\\\\\\\\\\\\\\\\\\\\\\\\\\\\\\\\\\\\\\\\\\\\\\\\\\\\\\\\\\"msonormal\\\\\\\\\\\\\\\\\\\\\\\\\\\\\\\\\\\\\\\\\\\\\\\\\\\\\\\\\\\\\\\\\\\\\\\\\\\\\\\\\\\\\\\\\\\\\\\\\\\\\\\\\\\\\\\\\\\\\\\\\\\\\\\\"\\\\\\\\\\\\\\\\\\\\\\\\\\\\\\\\\\\\\\\\\\\\\\\\\\\\\\\\\\\\\\\\"\\\\\\\\\\\\\\\\\\\\\\\\\\\\\\\\"\\\\\\\\\\\\\\\\"\\\\\\\\"\\\\"\\""=""> <span style="font-size:16px;line-height:2;">地址</span><span style="font-size:16px;line-height:2;">: <span style="line-height:2;">广东省广州市天河区黄村西路粤安工业园</span><span style="line-height:2;">A</span><span style="line-height:2;">栋</span><span style="line-height:2;">3</span><span style="line-height:2;">楼</span></span> \r\n	</p>\r\n<p class="\\" \\\\"\\\\\\\\"\\\\\\\\\\\\\\\\"\\\\\\\\\\\\\\\\\\\\\\\\\\\\\\\\"\\\\\\\\\\\\\\\\\\\\\\\\\\\\\\\\\\\\\\\\\\\\\\\\\\\\\\\\\\\\\\\\"\\\\\\\\\\\\\\\\\\\\\\\\\\\\\\\\\\\\\\\\\\\\\\\\\\\\\\\\\\\\\\\\\\\\\\\\\\\\\\\\\\\\\\\\\\\\\\\\\\\\\\\\\\\\\\\\\\\\\\\\\\\\\\\\"msonormal\\\\\\\\\\\\\\\\\\\\\\\\\\\\\\\\\\\\\\\\\\\\\\\\\\\\\\\\\\\\\\\\\\\\\\\\\\\\\\\\\\\\\\\\\\\\\\\\\\\\\\\\\\\\\\\\\\\\\\\\\\\\\\\\"\\\\\\\\\\\\\\\\\\\\\\\\\\\\\\\\\\\\\\\\\\\\\\\\\\\\\\\\\\\\\\\\"\\\\\\\\\\\\\\\\\\\\\\\\\\\\\\\\"\\\\\\\\\\\\\\\\"\\\\\\\\"\\\\"\\""=""><br />\r\n</p>\r\n<p class="\\" \\\\"\\\\\\\\"\\\\\\\\\\\\\\\\"\\\\\\\\\\\\\\\\\\\\\\\\\\\\\\\\"\\\\\\\\\\\\\\\\\\\\\\\\\\\\\\\\\\\\\\\\\\\\\\\\\\\\\\\\\\\\\\\\"\\\\\\\\\\\\\\\\\\\\\\\\\\\\\\\\\\\\\\\\\\\\\\\\\\\\\\\\\\\\\\\\\\\\\\\\\\\\\\\\\\\\\\\\\\\\\\\\\\\\\\\\\\\\\\\\\\\\\\\\\\\\\\\\"msonormal\\\\\\\\\\\\\\\\\\\\\\\\\\\\\\\\\\\\\\\\\\\\\\\\\\\\\\\\\\\\\\\\\\\\\\\\\\\\\\\\\\\\\\\\\\\\\\\\\\\\\\\\\\\\\\\\\\\\\\\\\\\\\\\\"\\\\\\\\\\\\\\\\\\\\\\\\\\\\\\\\\\\\\\\\\\\\\\\\\\\\\\\\\\\\\\\\"\\\\\\\\\\\\\\\\\\\\\\\\\\\\\\\\"\\\\\\\\\\\\\\\\"\\\\\\\\"\\\\"\\""=""><br />\r\n	</p>\r\n<p class="\\" \\\\"\\\\\\\\"\\\\\\\\\\\\\\\\"\\\\\\\\\\\\\\\\\\\\\\\\\\\\\\\\"\\\\\\\\\\\\\\\\\\\\\\\\\\\\\\\\\\\\\\\\\\\\\\\\\\\\\\\\\\\\\\\\"\\\\\\\\\\\\\\\\\\\\\\\\\\\\\\\\\\\\\\\\\\\\\\\\\\\\\\\\\\\\\\\\\\\\\\\\\\\\\\\\\\\\\\\\\\\\\\\\\\\\\\\\\\\\\\\\\\\\\\\\\\\\\\\\"msonormal\\\\\\\\\\\\\\\\\\\\\\\\\\\\\\\\\\\\\\\\\\\\\\\\\\\\\\\\\\\\\\\\\\\\\\\\\\\\\\\\\\\\\\\\\\\\\\\\\\\\\\\\\\\\\\\\\\\\\\\\\\\\\\\\"\\\\\\\\\\\\\\\\\\\\\\\\\\\\\\\\\\\\\\\\\\\\\\\\\\\\\\\\\\\\\\\\"\\\\\\\\\\\\\\\\\\\\\\\\\\\\\\\\"\\\\\\\\\\\\\\\\"\\\\\\\\"\\\\"\\""=""> <span style="font-size:16px;line-height:2;"><span style="line-height:2;"><img src="/Public/uploads/pics/2015-05/555c278a3ad8b.jpg" alt="" /><br />\r\n</span></span> \r\n</p>\r\n<p class="\\" \\\\"\\\\\\\\"\\\\\\\\\\\\\\\\"\\\\\\\\\\\\\\\\\\\\\\\\\\\\\\\\"\\\\\\\\\\\\\\\\\\\\\\\\\\\\\\\\\\\\\\\\\\\\\\\\\\\\\\\\\\\\\\\\"\\\\\\\\\\\\\\\\\\\\\\\\\\\\\\\\\\\\\\\\\\\\\\\\\\\\\\\\\\\\\\\\\\\\\\\\\\\\\\\\\\\\\\\\\\\\\\\\\\\\\\\\\\\\\\\\\\\\\\\\\\\\\\\\"msonormal\\\\\\\\\\\\\\\\\\\\\\\\\\\\\\\\\\\\\\\\\\\\\\\\\\\\\\\\\\\\\\\\\\\\\\\\\\\\\\\\\\\\\\\\\\\\\\\\\\\\\\\\\\\\\\\\\\\\\\\\\\\\\\\\"\\\\\\\\\\\\\\\\\\\\\\\\\\\\\\\\\\\\\\\\\\\\\\\\\\\\\\\\\\\\\\\\"\\\\\\\\\\\\\\\\\\\\\\\\\\\\\\\\"\\\\\\\\\\\\\\\\"\\\\\\\\"\\\\"\\""=""><br />\r\n	</p>\r\n	<p>\r\n		<br />\r\n	</p>\r\n<p class="\\" \\\\"\\\\\\\\"\\\\\\\\\\\\\\\\"\\\\\\\\\\\\\\\\\\\\\\\\\\\\\\\\"\\\\\\\\\\\\\\\\\\\\\\\\\\\\\\\\\\\\\\\\\\\\\\\\\\\\\\\\\\\\\\\\"\\\\\\\\\\\\\\\\\\\\\\\\\\\\\\\\\\\\\\\\\\\\\\\\\\\\\\\\\\\\\\\\\\\\\\\\\\\\\\\\\\\\\\\\\\\\\\\\\\\\\\\\\\\\\\\\\\\\\\\\\\\\\\\\"msonormal\\\\\\\\\\\\\\\\\\\\\\\\\\\\\\\\\\\\\\\\\\\\\\\\\\\\\\\\\\\\\\\\\\\\\\\\\\\\\\\\\\\\\\\\\\\\\\\\\\\\\\\\\\\\\\\\\\\\\\\\\\\\\\\\"\\\\\\\\\\\\\\\\\\\\\\\\\\\\\\\\\\\\\\\\\\\\\\\\\\\\\\\\\\\\\\\\"\\\\\\\\\\\\\\\\\\\\\\\\\\\\\\\\"\\\\\\\\\\\\\\\\"\\\\\\\\"\\\\"\\""=""><br />\r\n</p>\r\n<p class="\\" \\\\"\\\\\\\\"\\\\\\\\\\\\\\\\"\\\\\\\\\\\\\\\\\\\\\\\\\\\\\\\\"\\\\\\\\\\\\\\\\\\\\\\\\\\\\\\\\\\\\\\\\\\\\\\\\\\\\\\\\\\\\\\\\"\\\\\\\\\\\\\\\\\\\\\\\\\\\\\\\\\\\\\\\\\\\\\\\\\\\\\\\\\\\\\\\\\\\\\\\\\\\\\\\\\\\\\\\\\\\\\\\\\\\\\\\\\\\\\\\\\\\\\\\\\\\\\\\\"msonormal\\\\\\\\\\\\\\\\\\\\\\\\\\\\\\\\\\\\\\\\\\\\\\\\\\\\\\\\\\\\\\\\\\\\\\\\\\\\\\\\\\\\\\\\\\\\\\\\\\\\\\\\\\\\\\\\\\\\\\\\\\\\\\\\"\\\\\\\\\\\\\\\\\\\\\\\\\\\\\\\\\\\\\\\\\\\\\\\\\\\\\\\\\\\\\\\\"\\\\\\\\\\\\\\\\\\\\\\\\\\\\\\\\"\\\\\\\\\\\\\\\\"\\\\\\\\"\\\\"\\""=""><br />\r\n	</p>\r\n	<p>\r\n		<br />\r\n	</p>', 'a:0:{}', '', '1432102858', '', '1', 52, 0, '', 0, '', ''),
(46, 1432096163, ' ', ' ', ' ', ' ', 'a:0:{}', ' ', '1432096163', '', ' ', 0, 0, '', 0, '', ' '),
(47, 1432170414, '集团企业', '集团企业', '', '<p style="text-align:left;">\r\n	&nbsp; &nbsp; &nbsp; &nbsp; <span style="font-family:KaiTi_GB2312;font-size:16px;">小富投资集团本着多元化发展的战略理念，旗下企业涉及化妆品、保健品、照明灯具、导光材料制造及土建装修等不同行业。旗下子公司有：小富电子商务有限公司、小富节能科技有限公司、小富建装有限公司、高康化妆品制造有限责任公司、养美医药有限责任公司、广东建大照明有限公司，小富集团致力于打造自有品牌，决心将旗下“高康”“养美”“建大”“小富”等品牌发展成业界的一流品牌，并在国内外市场上形成销售一条龙覆盖。</span>\r\n</p>\r\n<p style="text-align:center;">\r\n	<br />\r\n<span style="font-size:18px;"></span> \r\n</p>\r\n<p>\r\n	<br />\r\n</p>\r\n<p>\r\n	<br />\r\n</p>', 'a:0:{}', '', '1432170414', '', '1', 45, 0, '', 0, '', ''),
(48, 1432105903, '案例一', '', '/Public/uploads/pics/2015-05/555c320d10190.jpg', '<span>1999年初2，上海市又一座标志性建筑傲然屹立黄浦江畔，人们期待已久的世界第三、亚洲第二、中国内地第一的88层金茂大厦（Jinmao Tower）终于推向市场，这幢集现代办公楼、豪华五星级酒店、商业会展、高档宴会、观光、娱乐、商场等综合设施于一体，深富中华民族文化内涵，溶汇西方建筑艺术的智慧型摩天大楼，已成为当今沪上最方便舒适、最灵活安全的办公、金融、商贸、娱乐和餐饮的理想活动场所。 　　金茂大厦于1992年12月17日被批准立项，1994年5月10日动工，1997年8月28日结构封顶，至1999年3月18日开张营业，当年8月28日全面营业。金茂大厦占地2.3公顷，塔楼高420.5米，总建筑面积29万平方米。 　　金茂大厦是由美国最大的建筑师-工程师事务所之一的SOM建筑设计事务所建造的。</span>', 'a:2:{i:0;a:6:{s:3:"url";s:46:"/Public/uploads/pics/2015-05/555c33771ce6e.jpg";s:4:"name";s:0:"";s:3:"alt";s:0:"";s:4:"sort";s:1:"1";s:4:"href";s:0:"";s:7:"content";s:0:"";}i:1;a:6:{s:3:"url";s:46:"/Public/uploads/pics/2015-05/555c338ab679f.jpg";s:4:"name";s:0:"";s:3:"alt";s:0:"";s:4:"sort";s:1:"2";s:4:"href";s:0:"";s:7:"content";s:0:"";}}', '1999年初2，上海市又一座标志性建筑傲然屹立黄浦江畔，人们期待已久的世界第三、亚洲第二、中国内地第一的88层金茂大厦（Jinmao Tower）终于推向市场，这幢集现代办公楼、豪华五星级酒店、商业会展、高档宴会、观光、娱乐、商场等综合设施于一体，深富中华民族文化内涵，溶汇西方建筑艺术的智慧型摩天大楼，已成为当今沪上最方便舒适、最灵活安全的办公、金融、商贸、娱乐和餐饮的理想活动场所。 　　金茂大厦于1992年12月17日被批准立项，1994年5月10日动工，1997年8月28日结构封顶，至1999年3月18日开张营业，当年8月28日全面营业。金茂大厦占地2.3公顷，塔楼高420.5米，总建筑面积29万平方米。 　　金茂大厦是由美国最大的建筑师-工程师事务所之一的SOM建筑设计事务所建造的。', '1432105903', '', '1', 58, 1, 'a:1:{i:0;s:9:"127.0.0.1";}', 0, '', 'shanghai jingmao'),
(49, 1432171700, '我国文化建筑装饰业深度分析', '', '', '&nbsp; &nbsp; &nbsp; &nbsp; 随着技术进步和人们对生活质量要求的日益提高，文化建筑装饰行业已经发展成为集建筑学、声学、光学、美学、人居环境等多学科及建材、冶金、精加工、机械制造等多种产业的综合体。<br />\r\n&nbsp; &nbsp; &nbsp; &nbsp;&nbsp;——科学理解文化建筑装饰业的行业定义<br />\r\n&nbsp; &nbsp; &nbsp; &nbsp; 文化建筑是公共文化场馆和文化建筑的总称，主要包括剧院影剧院类演艺场所、博物馆、展览馆、图书馆、古旧建筑、宗教建筑、文化中心等。在我国，文化建筑装饰行业属于公共建筑装饰业的一个细分行业，由于文化场馆对其艺术形象和功能的较高要求，文化建筑装饰行业必须与所装饰的客体有机结合，成为统一、和谐的整体，以便丰富艺术形象，扩大艺术表现力，加强审美效果，并提高其功能、经济价值和社会效益。<br />\r\n&nbsp; &nbsp; &nbsp; &nbsp;&nbsp;——客观认识文化建筑装饰业的发展现状<br />\r\n&nbsp; &nbsp; &nbsp; &nbsp; 文化建筑装饰行业的发展状况与文化建筑的现状息息相关，近年来，我国文化建筑建设取得了巨大进步，但与国外发达国家相比，文化建筑的规模仍然较小。<br />\r\n&nbsp; &nbsp; &nbsp; &nbsp;&nbsp;截至2013年底，我国拥有公共图书馆3112座，较2012年增加36座，每百万人拥有公共图书馆数为2.30座，而美国平均每1.3万人就拥有一座图书馆；2013年，我国各类博物馆的数量是3476座，平均每百万人口拥有2.75个博物馆；2013年底，我国演艺类场所数量为1344个，每百万人拥有演艺类场所数量仅为0.99个。从上述数据可以看出，我国各类文化场馆的人均占有量与发达国家的人均占有量相比，存在着巨大的落差，文化建筑建设还有巨大的市场空间需要开拓和填补。<br />\r\n&nbsp; &nbsp; &nbsp; &nbsp; 2013年，中美两国文化产业增加值占GDP比重分别为3.6%和11%，两国的文化产业规模差距巨大。作为文化载体的重要组成部分——文化建筑，其在两国的建设规模上，也存在着非常明显的差距。<br />\r\n&nbsp; &nbsp; &nbsp; &nbsp;&nbsp;从文化建筑的现状看，伴随着我国经济的迅猛发展以及居民人均文化消费额的快速增长，我国文化建筑无论是在建设水平还是在建设规模上，与几十年前相比都有了质的飞跃。与之相对应，文化建筑装饰行业也随着文化建筑建设市场的发展，得到了快速、有质量的增长。<br />\r\n&nbsp; &nbsp; &nbsp; &nbsp;&nbsp;从市场发展前景看，我国文化建筑建设市场虽然有着巨大的发展空间，但与国外发达国家相比，过低的文化建筑人均占有率和偏小的文化建筑建设市场，表明我国的文化建筑建设市场发展仍处于初级阶段，正是由于这种初级的发展阶段，才更显现出我国文化建筑建设市场的发展空间和潜力。<br />\r\n&nbsp; &nbsp; &nbsp; &nbsp; 近年来，国家高度重视发展文化产业，我国出台多个涉及文化产业的政策性文件，在财税、金融、准入、土地等多方面给予文化产业优惠政策，扶持文化产业发展。2012年，文化部正式向社会发布《文化部“十二五”时期文化产业倍增计划》，提出了“十二五”期间文化部门管理的文化产业增加值年平均现价增长速度高于20%，2015年比2010年至少翻一番。<br />\r\n&nbsp; &nbsp; &nbsp; &nbsp;&nbsp;——准确掌握文化建筑装饰业的市场规模<br />\r\n&nbsp; &nbsp; &nbsp; &nbsp; 文化建筑装饰行业作为公共建筑装饰行业中重要的细分行业之一，近年来，其增速远高于公共建筑装饰行业的增速，2010年，我国文化建筑装饰市场规模仅71.05亿元，到2014年，文化建筑装饰行业的市场规模已接近300亿元，年复合增长率超过30%。<br />\r\n&nbsp; &nbsp; &nbsp; &nbsp;&nbsp;预计2015年文化建筑装饰的市场规模将达365.47亿元，2019年将达834.84亿元。未来几年，我国文化建筑装饰行业的市场前景极为广阔。<br />\r\n&nbsp; &nbsp; &nbsp; &nbsp; 在过去的十年里，随着一、二线城市经济的发展，地方政府财政收入的快速增加以及人们对精神文化消费需求的日益增长，剧院类建筑如雨后春笋般地出现在一、二线城市，特别是近两年来，随着中西部地区的开发以及三四线城市经济的崛起，各地又掀起新一轮建设剧院类建筑的热潮。<br />\r\n&nbsp; &nbsp; &nbsp; &nbsp;&nbsp;2009年，我国32个城市拥有的剧场数量为595座，到2013年已达882座，年均复合增长率为10.34%。同时，目前我国约有2/3的剧院需要进行重新改造以满足专业的演出要求，因此，未来剧院类建筑装饰不管是新增还是存量市场都拥有较大的发展空间。<br />\r\n&nbsp; &nbsp; &nbsp; &nbsp;&nbsp;据我们了解，随着人们生活水平的提高，人均文化消费水平逐年提高，无论是老年人的休闲娱乐、中青年的社交需求或少年儿童学习艺术的需求，都需要有一个文化建筑进行承载，社区剧场、校园剧场等多功能剧场无疑是最合适和经济实用的场所，也将成为未来剧场乃至文化建筑市场增长的重要方向。多功能剧场包括企业总部剧场、校园剧场、社区剧场、主题秀剧场等。 &nbsp; &nbsp; &nbsp; &nbsp; 《第二次全国基本单位普查公报》显示：我国共有79.2万个居(村)委会，3600个县(级市)，360个地级市，近3000所大学。如果未来社区剧院进行规模推广，以其中百分之一的居(村)委会有条件或者能力改造现有建筑物成为社区剧场为依据测算，全国范围内起码有近8000个社区剧场需要改造，以每个社区剧场的改造费用为300万元 500万元之间为标准，则全国社区剧场的市场容量将在240亿元 400亿元之间。<br />\r\n&nbsp; &nbsp; &nbsp; &nbsp;&nbsp;近年来，由于受文化产业政策的扶持，我国博物馆数量有了很大程度的增长。2013年我国各类博物馆的数量是3476座，2009 2013年平均复合增长率为11.46%。<br />\r\n&nbsp; &nbsp; &nbsp; &nbsp; 截至2013年底，我国共有公共图书馆3112座。近年来我国公共图书馆数量保持持续增长的态势，三年来年均复合增长率为2.57%。随着我国经济和文化产业的持续发展，预计2014年以及2015年新建公共图书馆的数量将稳步上升，为装饰装修市场带来持续增长的需求。<br />\r\n&nbsp; &nbsp; &nbsp; &nbsp;&nbsp;——全面看待建筑装饰业的竞争格局<br />\r\n&nbsp; &nbsp; &nbsp; &nbsp; 国内早期承接文化建筑装饰项目的主要是具有全国范围施工能力的综合性大型装饰公司，如金螳螂、洪涛股份、广田股份、瑞和股份等。上述企业凭借其完备的资质、丰富的行业经验和覆盖范围广阔的营销网络，成为了早期文化建筑装饰项目的主要施工方。<br />', 'a:0:{}', '提要：随着技术进步和人们对生活质量要求的日益提高，文化建筑装饰行业已经发展成为集建筑学、声学、光学、美学、人居环境等多学科及建材、冶金、精加工、机械制造等多种产业的综合体。', '1432171700', '', '1', 59, 3, '', 0, '', ''),
(51, 1432175575, '轮播图1', '', '/Public/uploads/pics/2015-05/555d43303c6c3.jpg', '', 'a:2:{i:0;a:6:{s:3:"url";s:46:"/Public/uploads/pics/2015-05/555d43408cb9c.jpg";s:4:"name";s:0:"";s:3:"alt";s:0:"";s:4:"sort";s:1:"1";s:4:"href";s:0:"";s:7:"content";s:0:"";}i:1;a:6:{s:3:"url";s:46:"/Public/uploads/pics/2015-05/555d434eb2f9e.jpg";s:4:"name";s:0:"";s:3:"alt";s:0:"";s:4:"sort";s:1:"2";s:4:"href";s:0:"";s:7:"content";s:0:"";}}', '', '1432175575', '2', '2', 72, 0, '', 0, '', ''),
(52, 1432187265, 'Introduction', '', '', 'Introduction', 'a:0:{}', '', '1432187265', '', '3', 78, 0, '', 0, '', ''),
(53, 1432187277, 'Honor', '', '', 'Honor', 'a:0:{}', '', '1432187277', '', '3', 79, 0, '', 0, '', ''),
(55, 54, '美派简介', '', '', '<div style="text-align:left;">\r\n	<span style="font-size:16px;line-height:2;">&nbsp; &nbsp; &nbsp; </span><span style="font-size:16px;line-height:2;">&nbsp;</span><span style="font-size:16px;line-height:2;">&nbsp;</span><span style="font-size:16px;line-height:2;">佛山美派美居建材有限公司是一家拥有美国达泰瓷砖一样生产基地的建材公司（制造商：中国</span><span style="font-size:16px;line-height:2;">SANFI</span><span style="font-size:16px;line-height:2;">），</span><span style="font-size:16px;line-height:2;">2014</span><span style="font-size:16px;line-height:2;">年在美国筹备并且通过美方企业代表的审议后成立的新型建材企业。在成立初期得到美国达泰瓷砖和</span><span style="font-size:16px;line-height:2;">EBUY</span><span style="font-size:16px;line-height:2;">创投的技术支持，在中国区域开展全新的建材经营模式。结合中国</span><span style="font-size:16px;line-height:2;">OTO</span><span style="font-size:16px;line-height:2;">的发展模式通过全球生产基地优化配置形式向中国市场提供顶级优质能达到奢侈品质的瓷砖产品，并且以更加开放的思维模式进行业务拓展，致力成为中国最大的建材家居运营商。</span> \r\n</div>\r\n<div style="text-align:left;">\r\n	<span style="font-size:16px;line-height:2;">&nbsp; &nbsp; &nbsp; &nbsp;</span><span style="font-size:16px;line-height:2;">美国达泰瓷砖（属美国莫霍克工业公司企业）是美国最大的瓷砖生产企业，占据美国</span><span style="font-size:16px;line-height:2;">38%</span><span style="font-size:16px;line-height:2;">瓷砖份额；拥有近</span><span style="font-size:16px;line-height:2;">70</span><span style="font-size:16px;line-height:2;">年历史；</span><span style="font-size:16px;line-height:2;">美派美居（MEIPMG）2015年将启动中国瓷砖市场的渠道拓展，通过全新的经营模式建立国际级的建材连锁加盟管理制度，快速改变中国目前的建材竞争格局。1月份正式推出“美派”（MEIPMG）瓷砖品牌，产品全部采用国际级的设计和顶尖的制作技术生产，所有产品品质控制高于中国行业标准。</span> \r\n</div>', 'a:0:{}', '', '1434340165', '', '1', 105, 0, '', 0, '', ''),
(56, 56, '品牌背景', '', '', '<p class="MsoNormal" align="left" style="text-align:justify;">\r\n	<span style="font-size:16px;line-height:2;">&nbsp; &nbsp; &nbsp;</span><span style="font-size:16px;line-height:2;">美派美居（</span><span style="font-size:16px;line-height:2;">MEIPMG</span><span style="font-size:16px;line-height:2;">）</span><span style="font-size:16px;line-height:2;">2015</span><span style="font-size:16px;line-height:2;">年将启动中国瓷砖市场的渠道拓展，通过全新的经营模式建立国际级的建材连锁加盟管理制度，快速改变中国目前的建材竞争格局。</span><span style="font-size:16px;line-height:2;">1</span><span style="font-size:16px;line-height:2;">月份正式推出“美派”（</span><span style="font-size:16px;line-height:2;">MEIPMG</span><span style="font-size:16px;line-height:2;">）瓷砖品牌，产品全部采用国际级的设计和顶尖的制作技术生产，所有产品品质控制高于中国行业标准。</span><span style="font-size:16px;line-height:2;">&nbsp;</span> \r\n</p>\r\n<div style="text-align:justify;">\r\n	<span style="font-size:16px;line-height:2;">&nbsp; &nbsp; &nbsp;</span><span style="font-size:16px;line-height:2;">美派瓷砖（</span><span style="font-size:16px;line-height:2;">MEIPMG&nbsp;I</span><span style="font-size:16px;line-height:2;">）定位为互联网瓷砖第一品牌，传承世界顶级瓷砖品牌达泰（全球型）及意大利马拉齐（世界第二）</span><span style="font-size:16px;line-height:2;">&nbsp;</span><span style="font-size:16px;line-height:2;">产品设计工艺，专为亚太市场开发的最高性价比的奢侈品质产品</span><span style="font-size:16px;line-height:2;">&nbsp;</span> \r\n</div>\r\n<div style="text-align:justify;">\r\n	<span style="font-size:16px;line-height:2;">&nbsp; &nbsp; &nbsp;&nbsp;</span><span style="font-size:16px;line-height:2;">美派瓷砖（</span><span style="font-size:16px;line-height:2;">MEIPMG</span><span style="font-size:16px;line-height:2;">）使用双重标准（美国标准</span><span style="font-size:16px;line-height:2;">+</span><span style="font-size:16px;line-height:2;">意大利标准）精选原料，购买国际品牌的设计版权，保证瓷砖内外品质达到国际奢侈品牌品质，并且与国际品牌同款同色。严格执行欧洲使用尺寸标准杜绝中国其他仿版和假冒。</span> \r\n</div>\r\n<div style="text-align:justify;">\r\n	<span style="font-size:16px;line-height:2;">美国</span><span style="font-size:16px;line-height:2;">DATILE</span><span style="font-size:16px;line-height:2;">瓷砖全球唯一电商品牌，拥有美国</span><span style="font-size:16px;line-height:2;">DATILE</span><span style="font-size:16px;line-height:2;">（</span><span style="font-size:16px;line-height:2;">67</span><span style="font-size:16px;line-height:2;">年）及意大利马拉齐</span><span style="font-size:16px;line-height:2;">&nbsp;</span><span style="font-size:16px;line-height:2;">品牌共同的设计平台。是一个</span><span style="font-size:16px;line-height:2;">OTO</span><span style="font-size:16px;line-height:2;">的建材连锁经营企业品牌。</span> \r\n</div>\r\n<p>\r\n	<span style="font-size:16px;line-height:2;"></span>\r\n</p>', 'a:0:{}', '', '1434340704', '', '1', 106, 0, '', 0, '', ''),
(57, 57, '123', '88888', '/Public/uploads/pics/2015-06/5574f86d20285.jpg', '测试测试测试测试测试测试测试测试测试测试测试测试测试测试测试测试测试测试测试测试测试测试测试测试测试测试测试测试测试测试测试测试测试测试测试测试测试测试测试测试测试测试测试测试测试测试测试测试测试', 'a:0:{}', '测试测试测试测试测试测试测试测试测试测试测试测试测试测试测试测试测试测试测试测试测试测试测试测试测试测试测试测试测试测试测试测试测试测试测试测试测试测试测试测试测试测试测试测试测试测试测试测试测试', '1433730115', '', '1', 107, 1, 'a:1:{i:0;s:9:"127.0.0.1";}', 0, '', '123'),
(58, 58, 'sdfsdf', '', '', 'asdfsdf', 'a:0:{}', '', '1433905080', '', '1', 108, 0, '', 0, '', ''),
(59, 59, '加盟美派', '', '', '<img src="/Public/uploads/pics/2015-06/5577d3cb6d7cc.jpg" alt="" />', 'a:0:{}', '', '1433916366', '', '1', 109, 0, '', 0, '', '');

-- --------------------------------------------------------

--
-- 表的结构 `art_position`
--

CREATE TABLE IF NOT EXISTS `art_position` (
  `art_position_id` int(11) NOT NULL AUTO_INCREMENT,
  `art_position_sort` int(11) NOT NULL DEFAULT '0',
  `pos_name` varchar(255) NOT NULL DEFAULT '',
  `siteid` varchar(255) NOT NULL DEFAULT '',
  PRIMARY KEY (`art_position_id`)
) ENGINE=MyISAM  DEFAULT CHARSET=utf8 AUTO_INCREMENT=21 ;

--
-- 转存表中的数据 `art_position`
--

INSERT INTO `art_position` (`art_position_id`, `art_position_sort`, `pos_name`, `siteid`) VALUES
(5, 5, '首页卧室', '1'),
(2, 0, '首页产品推荐', '1'),
(17, 16, '手机-首页产品-小资', '1'),
(4, 4, '首页客厅推荐', '1'),
(6, 6, '首页餐厅', '1'),
(7, 7, '首页书房', '1'),
(8, 8, '首页卫生间', '1'),
(9, 9, '首页产品-小美', '1'),
(10, 10, '首页产品-美木', '1'),
(11, 11, '首页产品-小资', '1'),
(12, 12, '首页产品-小白', '1'),
(13, 13, '首页产品-专家', '1'),
(14, 15, '手机-首页产品-小美', '1'),
(15, 15, '手机-首页产品-美木', '1'),
(18, 18, '手机-首页产品-小白', '1'),
(19, 19, '手机-首页产品-小S', '1'),
(20, 20, '手机-首页产品-专家级', '1');

-- --------------------------------------------------------

--
-- 表的结构 `catalog`
--

CREATE TABLE IF NOT EXISTS `catalog` (
  `catalog_id` int(11) NOT NULL AUTO_INCREMENT,
  `catalog_sort` int(11) NOT NULL DEFAULT '0',
  `title` varchar(255) NOT NULL DEFAULT '',
  `thumb` varchar(255) NOT NULL DEFAULT '',
  `content` text NOT NULL,
  `siteid` varchar(255) NOT NULL DEFAULT '',
  `hits` int(11) NOT NULL DEFAULT '0',
  `positions` varchar(500) NOT NULL DEFAULT '',
  `favor` int(11) NOT NULL DEFAULT '0',
  `cat_id` int(11) NOT NULL DEFAULT '0',
  `hits_ips` text NOT NULL,
  `favor_ips` text NOT NULL,
  `re_pro_ids` text NOT NULL,
  `title2` varchar(255) NOT NULL DEFAULT '',
  `title3` varchar(255) NOT NULL DEFAULT '',
  PRIMARY KEY (`catalog_id`)
) ENGINE=MyISAM  DEFAULT CHARSET=utf8 AUTO_INCREMENT=17 ;

--
-- 转存表中的数据 `catalog`
--

INSERT INTO `catalog` (`catalog_id`, `catalog_sort`, `title`, `thumb`, `content`, `siteid`, `hits`, `positions`, `favor`, `cat_id`, `hits_ips`, `favor_ips`, `re_pro_ids`, `title2`, `title3`) VALUES
(1, 1, 'ccc1', '', '', '1', 0, '', 0, 93, '', '', '', '', ''),
(2, 2, 'DR9201806的客厅空间', '/Public/uploads/pics/2015-06/557e3649e2019.png', '<img src="/Public/uploads/pics/2015-06/557e363631b50.jpg" alt="" /><img src="/Public/uploads/pics/2015-06/557e363650af8.jpg" alt="" /><img src="/Public/uploads/pics/2015-06/557e363668391.jpg" alt="" /><img src="/Public/uploads/pics/2015-06/557e36368794e.jpg" alt="" />', '1', 2, '4', 0, 57, 'a:2:{i:0;s:9:"127.0.0.1";i:1;s:14:"192.168.200.12";}', '', '66', '寻找城市中的宁静', ' 将木纹融入高雅中'),
(3, 3, 'DR6002102的卧室空间', '/Public/uploads/pics/2015-06/557e340d9172f.png', '<img src="/Public/uploads/pics/2015-06/557e33fe794cc.jpg" alt="" /><img src="/Public/uploads/pics/2015-06/557e33fe92af7.jpg" alt="" /><img src="/Public/uploads/pics/2015-06/557e33feb2c92.jpg" alt="" /><img src="/Public/uploads/pics/2015-06/557e33fed7ba6.jpg" alt="" /><img src="/Public/uploads/pics/2015-06/557e33fef36ed.jpg" alt="" />', '1', 1, '5', 0, 58, 'a:1:{i:0;s:9:"127.0.0.1";}', '', '14', '细腻刻画的温馨空间', '竹纹地面素雅空间的温馨细节'),
(4, 4, '2SR601274的卫浴空间', '/Public/uploads/pics/2015-06/557e312aa59c0.png', '<img src="/Public/uploads/pics/2015-06/557e3113f0bba.jpg" alt="" /><img src="/Public/uploads/pics/2015-06/557e311417b7f.jpg" alt="" /><img src="/Public/uploads/pics/2015-06/557e311437d01.jpg" alt="" /><img src="/Public/uploads/pics/2015-06/557e31145badc.jpg" alt="" />', '1', 1, '8', 0, 97, 'a:1:{i:0;s:9:"127.0.0.1";}', '', '31', '睿智的卫浴空间', '暗示了个性化的高贵与优雅'),
(5, 5, 'DR9201802的书房空间', '/Public/uploads/pics/2015-06/557e2d09d9cba.png', '<img src="/Public/uploads/pics/2015-06/557e2ce7ab46c.jpg" alt="" /><img src="/Public/uploads/pics/2015-06/557e2ce7cc26d.jpg" alt="" /><img src="/Public/uploads/pics/2015-06/557e2ce7dcc8d.jpg" alt="" /><img src="/Public/uploads/pics/2015-06/557e2ce7ea965.jpg" alt="" /><img src="/Public/uploads/pics/2015-06/557e2ce805666.jpg" alt="" />', '1', 2, '7', 0, 98, 'a:2:{i:0;s:9:"127.0.0.1";i:1;s:14:"192.168.200.12";}', '', '62', '平静而不简单', '处处皆有令人倍感放松的特质'),
(6, 6, '2SR601274的餐厅空间', '/Public/uploads/pics/2015-06/557aa41b7b18c.png', '<img src="/Public/uploads/pics/2015-06/557a90496d1af.jpg" alt="" /><img src="/Public/uploads/pics/2015-06/557a9049876f7.jpg" alt="" /><img src="/Public/uploads/pics/2015-06/557a9049aca7c.jpg" alt="" /><img src="/Public/uploads/pics/2015-06/557a9049c3be7.jpg" alt="" /><img src="/Public/uploads/pics/2015-06/557a9049eb1b6.jpg" alt="" />', '1', 2, '6', 0, 96, 'a:2:{i:0;s:14:"192.168.200.12";i:1;s:9:"127.0.0.1";}', '', '31', '浪漫的用餐空间', '黑白色仿古砖交织搭配'),
(8, 7, 'DR6002105的餐厅空间', '/Public/uploads/pics/2015-06/557aa3fa56eec.png', '<img src="/Public/uploads/pics/2015-06/557aa07b6ad71.jpg" alt="" /><img src="/Public/uploads/pics/2015-06/557aa07bc0d62.jpg" alt="" /><img src="/Public/uploads/pics/2015-06/557aa07be5b26.jpg" alt="" /><img src="/Public/uploads/pics/2015-06/557aa07c0f245.jpg" alt="" /><img src="/Public/uploads/pics/2015-06/557aa07c35e7d.jpg" alt="" /><img src="/Public/uploads/pics/2015-06/557aa07c5cb4d.jpg" alt="" />', '1', 1, '', 0, 96, 'a:1:{i:0;s:9:"127.0.0.1";}', '', '16', '舒适的用餐空间', '尽显用餐环境的自然感觉'),
(9, 9, 'DR1600606的餐厅空间', '/Public/uploads/pics/2015-06/557aa32715719.png', '<img src="/Public/uploads/pics/2015-06/557aa1555c570.jpg" alt="" /><img src="/Public/uploads/pics/2015-06/557aa15579b9e.jpg" alt="" /><img src="/Public/uploads/pics/2015-06/557aa1558eccb.jpg" alt="" /><img src="/Public/uploads/pics/2015-06/557aa155af2a1.jpg" alt="" /><img src="/Public/uploads/pics/2015-06/557aa155c2568.jpg" alt="" />', '1', 2, '', 0, 96, 'a:2:{i:0;s:9:"127.0.0.1";i:1;s:14:"192.168.200.12";}', '', '56', '时尚的餐厅设计', '整体有表现简单地方又有不简单的地方'),
(10, 10, 'DR1600601的餐厅空间', '/Public/uploads/pics/2015-06/557aa43f57b6d.png', '<img src="/Public/uploads/pics/2015-06/557aa1fc2f443.jpg" alt="" /><img src="/Public/uploads/pics/2015-06/557aa1fc4dfeb.jpg" alt="" /><img src="/Public/uploads/pics/2015-06/557aa1fc6d512.jpg" alt="" /><img src="/Public/uploads/pics/2015-06/557aa1fca1150.jpg" alt="" /><img src="/Public/uploads/pics/2015-06/557aa1fcc9832.jpg" alt="" />', '1', 1, '', 0, 96, 'a:1:{i:0;s:9:"127.0.0.1";}', '', '', '餐厅空间的无限想象', '以纯为美，清新自然'),
(11, 11, 'DR9201801的客厅空间', '/Public/uploads/pics/2015-06/557e369158300.png', '<img src="/Public/uploads/pics/2015-06/557e3683389f7.jpg" alt="" /><img src="/Public/uploads/pics/2015-06/557e368358100.jpg" alt="" /><img src="/Public/uploads/pics/2015-06/557e36836d3ae.jpg" alt="" /><img src="/Public/uploads/pics/2015-06/557e36838bfb7.jpg" alt="" /><img src="/Public/uploads/pics/2015-06/557e36839b249.jpg" alt="" />', '1', 1, '', 0, 57, 'a:1:{i:0;s:14:"192.168.200.12";}', '', '61', '简约的浅色空间', '没有过多累赘复杂的造型'),
(12, 12, 'DR9201804的客厅空间', '/Public/uploads/pics/2015-06/557e36e7ba8b1.png', '<img src="/Public/uploads/pics/2015-06/557e36ce5533b.jpg" alt="" /><img src="/Public/uploads/pics/2015-06/557e36ce7c72b.jpg" alt="" /><img src="/Public/uploads/pics/2015-06/557e36ce9577c.jpg" alt="" /><img src="/Public/uploads/pics/2015-06/557e36ceaf40a.jpg" alt="" /><img src="/Public/uploads/pics/2015-06/557e36cebaacd.jpg" alt="" />', '1', 1, '', 0, 57, 'a:1:{i:0;s:14:"192.168.200.12";}', '', '64', '纯正美式空间', '充分发挥木材的纹理搭配'),
(13, 13, 'DR9401602的客厅空间', '/Public/uploads/pics/2015-06/557e37356cdf9.png', '<img src="/Public/uploads/pics/2015-06/557e372cb537d.jpg" alt="" /><img src="/Public/uploads/pics/2015-06/557e372ce7f0b.jpg" alt="" /><img src="/Public/uploads/pics/2015-06/557e372d13fbc.jpg" alt="" /><img src="/Public/uploads/pics/2015-06/557e372d36945.jpg" alt="" /><img src="/Public/uploads/pics/2015-06/557e372d5513f.jpg" alt="" />', '1', 1, '', 0, 57, 'a:1:{i:0;s:14:"192.168.200.12";}', '', '25', '线条筑建现代空间', '简洁明快的现代简欧主义'),
(14, 14, 'HW0670N的书房空间', '/Public/uploads/pics/2015-06/557e6dd5007e5.png', '<img src="/Public/uploads/pics/2015-06/557e6d8280275.jpg" alt="" /><img src="/Public/uploads/pics/2015-06/557e6d82afa60.jpg" alt="" /><img src="/Public/uploads/pics/2015-06/557e6d830b350.jpg" alt="" /><img src="/Public/uploads/pics/2015-06/557e6d8335f35.jpg" alt="" /><img src="/Public/uploads/pics/2015-06/557e6d8350607.jpg" alt="" /><img src="/Public/uploads/pics/2015-06/557e6d837233d.jpg" alt="" /><img src="/Public/uploads/pics/2015-06/557e6d839dc0b.jpg" alt="" />', '1', 0, '', 0, 98, '', '', '74', '知性的温度', '开阔、舒适的自然温馨居所'),
(15, 15, 'SR690031的书房空间', '/Public/uploads/pics/2015-06/557e6e1a6f05a.png', '<img src="/Public/uploads/pics/2015-06/557e6e0e620a1.jpg" alt="" /><img src="/Public/uploads/pics/2015-06/557e6e0e90b33.jpg" alt="" /><img src="/Public/uploads/pics/2015-06/557e6e0ed2282.jpg" alt="" /><img src="/Public/uploads/pics/2015-06/557e6e0f03358.jpg" alt="" /><img src="/Public/uploads/pics/2015-06/557e6e0f371a6.jpg" alt="" /><img src="/Public/uploads/pics/2015-06/557e6e0f5b219.jpg" alt="" />', '1', 0, '', 0, 98, '', '', '71', '简洁空间 净化心灵', '透露出美式乡村自然之美'),
(16, 16, 'DR1600605的书房空间', '/Public/uploads/pics/2015-06/557e6e80c5799.png', '<img src="/Public/uploads/pics/2015-06/557e6e741c97d.jpg" alt="" /><img src="/Public/uploads/pics/2015-06/557e6e74405d5.jpg" alt="" /><img src="/Public/uploads/pics/2015-06/557e6e74601e1.jpg" alt="" /><img src="/Public/uploads/pics/2015-06/557e6e747d78f.jpg" alt="" /><img src="/Public/uploads/pics/2015-06/557e6e748d0b3.jpg" alt="" />', '1', 0, '', 0, 98, '', '', '55', '再一次创造经典', '完美的将时尚与经典融合');

-- --------------------------------------------------------

--
-- 表的结构 `category`
--

CREATE TABLE IF NOT EXISTS `category` (
  `category_id` int(11) NOT NULL AUTO_INCREMENT,
  `category_sort` int(11) NOT NULL DEFAULT '0',
  `cat_name` varchar(255) NOT NULL DEFAULT '',
  `thumb` varchar(255) NOT NULL DEFAULT '',
  `is_show` tinyint(4) DEFAULT '0',
  `is_single` tinyint(4) DEFAULT '0',
  `parent_id` int(11) DEFAULT '0',
  `cate_tpl` text NOT NULL,
  `list_tpl` text NOT NULL,
  `show_tpl` text NOT NULL,
  `single_tpl` text NOT NULL,
  `siteid` varchar(255) NOT NULL DEFAULT '',
  `module_id` int(11) DEFAULT '0',
  `title` varchar(255) NOT NULL DEFAULT '',
  `keywords` varchar(255) NOT NULL DEFAULT '',
  `description` text NOT NULL,
  `sort` varchar(255) NOT NULL DEFAULT '',
  `eng_name` varchar(255) NOT NULL DEFAULT '',
  PRIMARY KEY (`category_id`)
) ENGINE=MyISAM  DEFAULT CHARSET=utf8 AUTO_INCREMENT=110 ;

--
-- 转存表中的数据 `category`
--

INSERT INTO `category` (`category_id`, `category_sort`, `cat_name`, `thumb`, `is_show`, `is_single`, `parent_id`, `cate_tpl`, `list_tpl`, `show_tpl`, `single_tpl`, `siteid`, `module_id`, `title`, `keywords`, `description`, `sort`, `eng_name`) VALUES
(44, 1431334412, '关于美派', '', 0, 0, 0, 'category_about.html', 'list_about.html', '', 'single_us.html', '1', 13, '', '', '', '', 'About'),
(99, 99, '优质产品', '', 0, 1, 0, 'category_pro.html', 'list_pro.html', 'show_pro.html', '', '1', 20, '', '', '', '', ''),
(47, 1431572470, '铺贴解决方案', '', 0, 1, 0, 'category_fangan.html', 'list_fangan.html', 'show_fangan.html', '', '1', 23, '', '', '', '', 'GALLERY'),
(105, 105, '美派简介', '', 0, 0, 0, '', '', '', 'single_jianjie.html', '1', 13, '', '', '', '', ''),
(106, 106, '品牌背景', '', 0, 0, 0, '', '', '', 'single_jianjie.html', '1', 13, '', '', '', '', ''),
(107, 107, '美派新闻', '', 0, 1, 0, '', 'list_news.html', 'show_newss.html', '', '1', 13, '', '', '', '', ''),
(108, 108, '商业合作伙伴', '', 0, 0, 0, '', '', '', 'single_jianjie.html', '1', 13, '', '', '', '', ''),
(102, 102, '小资系列', '', 0, 1, 99, '', '', '', '', '1', 0, '', '', '', '', ''),
(103, 103, '小白系列', '', 0, 1, 99, '', '', '', '', '1', 0, '', '', '', '', ''),
(100, 100, '小美系列', '', 0, 1, 99, '', '', '', '', '1', 0, '', '', '', '', ''),
(101, 101, '美木系列', '', 0, 1, 99, '', '', '', '', '1', 0, '', '', '', '', ''),
(57, 1431312085, '客厅', '/Public/uploads/pics/2015-05/555016d35cc71.jpg', 0, 1, 47, '', '', '', '', '1', 0, '', '', '', '', ''),
(58, 1431312037, '卧室', '/Public/uploads/pics/2015-05/555016a3d5b4e.jpg', 0, 1, 47, '', '', '', '', '1', 23, '', '', '', '', ''),
(109, 109, '加盟美派', '', 0, 0, 0, '', '', '', 'single_jianjie.html', '1', 13, '', '', '', '', ''),
(78, 1432179239, 'Introduction', '', 0, 1, 73, '', '', '', '', '3', 0, '', '', '', '', ''),
(79, 1432179257, 'Honor', '', 0, 1, 73, '', '', '', '', '3', 0, '', '', '', '', ''),
(80, 1432179277, 'Style', '', 0, 1, 73, '', '', '', '', '3', 0, '', '', '', '', ''),
(81, 1432179298, 'Contact', '', 0, 1, 73, '', '', '', '', '3', 0, '', '', '', '', ''),
(104, 104, '专家级产品', '', 0, 1, 99, '', '', '', '', '1', 0, '', '', '', '', ''),
(97, 97, '卫生间', '', 0, 1, 47, '', '', '', '', '1', 23, '', '', '', '', ''),
(98, 98, '书房', '', 0, 1, 47, '', '', '', '', '1', 23, '', '', '', '', ''),
(96, 91, '餐厅', '', 0, 1, 47, '', '', '', '', '1', 0, '', '', '', '', '');

-- --------------------------------------------------------

--
-- 表的结构 `cm_list`
--

CREATE TABLE IF NOT EXISTS `cm_list` (
  `list_id` int(11) NOT NULL AUTO_INCREMENT,
  `list_name` varchar(255) NOT NULL COMMENT '联动菜单名称',
  `list_desc` text NOT NULL COMMENT '简述',
  PRIMARY KEY (`list_id`)
) ENGINE=MyISAM  DEFAULT CHARSET=utf8 AUTO_INCREMENT=2 ;

--
-- 转存表中的数据 `cm_list`
--

INSERT INTO `cm_list` (`list_id`, `list_name`, `list_desc`) VALUES
(1, 'category', '文章分类');

-- --------------------------------------------------------

--
-- 表的结构 `cm_list_item`
--

CREATE TABLE IF NOT EXISTS `cm_list_item` (
  `list_item_id` int(11) NOT NULL AUTO_INCREMENT,
  `list_id` int(11) NOT NULL,
  `item_desc` varchar(155) NOT NULL,
  `item_parent` int(11) NOT NULL,
  `item_thumb` varchar(255) NOT NULL,
  `item_sort` int(11) NOT NULL,
  PRIMARY KEY (`list_item_id`)
) ENGINE=MyISAM  DEFAULT CHARSET=utf8 AUTO_INCREMENT=6 ;

--
-- 转存表中的数据 `cm_list_item`
--

INSERT INTO `cm_list_item` (`list_item_id`, `list_id`, `item_desc`, `item_parent`, `item_thumb`, `item_sort`) VALUES
(1, 1, '文章一级别分类', 0, '', 0),
(2, 1, '文章二级分类', 1, '', 0),
(3, 1, '文章3级分类', 2, '', 0),
(4, 1, '文章3级分类', 2, '', 0),
(5, 1, '文章12分类', 1, '', 0);

-- --------------------------------------------------------

--
-- 表的结构 `cm_table`
--

CREATE TABLE IF NOT EXISTS `cm_table` (
  `table_id` int(11) NOT NULL AUTO_INCREMENT,
  `table_name` varchar(256) NOT NULL COMMENT '表名称',
  `description` varchar(255) DEFAULT NULL,
  `pid` int(11) NOT NULL DEFAULT '0',
  `list_button` text NOT NULL COMMENT '列表按钮',
  `search_option` text NOT NULL COMMENT '搜索设置',
  PRIMARY KEY (`table_id`)
) ENGINE=MyISAM  DEFAULT CHARSET=utf8 AUTO_INCREMENT=28 ;

--
-- 转存表中的数据 `cm_table`
--

INSERT INTO `cm_table` (`table_id`, `table_name`, `description`, `pid`, `list_button`, `search_option`) VALUES
(11, 'website', '站点', 0, 'a:2:{i:0;a:2:{s:4:"href";s:20:"Website/Website_edit";s:4:"desc";s:6:"编辑";}i:1;a:2:{s:4:"href";s:19:"Website/Website_del";s:4:"desc";s:6:"删除";}}', ''),
(13, 'article', '内容', 15, 'a:2:{i:0;a:2:{s:4:"href";s:20:"Article/Article_edit";s:4:"desc";s:6:"编辑";}i:1;a:2:{s:4:"href";s:19:"Article/Article_del";s:4:"desc";s:6:"删除";}}', 'a:2:{i:0;a:2:{s:10:"tab_col_id";s:2:"82";s:5:"match";s:4:"like";}i:1;a:2:{s:10:"tab_col_id";s:2:"83";s:5:"match";s:4:"like";}}'),
(14, 'web_baseinfo', '站点基础信息', 0, 'a:2:{i:0;a:2:{s:4:"href";s:30:"Web_baseinfo/Web_baseinfo_edit";s:4:"desc";s:6:"编辑";}i:1;a:2:{s:4:"href";s:29:"Web_baseinfo/Web_baseinfo_del";s:4:"desc";s:6:"删除";}}', ''),
(15, 'category', '栏目', 0, 'a:3:{i:0;a:3:{s:11:"otherParams";a:0:{}s:4:"desc";s:6:"编辑";s:4:"href";s:22:"Category/Category_edit";}i:1;a:3:{s:11:"otherParams";a:0:{}s:4:"desc";s:6:"删除";s:4:"href";s:21:"Category/Category_del";}i:2;a:3:{s:11:"otherParams";a:0:{}s:4:"desc";s:12:"文章管理";s:4:"href";s:21:"Content/module2action";}}', ''),
(18, 'art_position', '推荐位', 0, 'a:2:{i:0;a:2:{s:4:"href";s:30:"Art_position/Art_position_edit";s:4:"desc";s:6:"编辑";}i:1;a:2:{s:4:"href";s:29:"Art_position/Art_position_del";s:4:"desc";s:6:"删除";}}', ''),
(20, 'product', '产品', 15, 'a:2:{i:0;a:3:{s:11:"otherParams";a:0:{}s:4:"desc";s:6:"编辑";s:4:"href";s:20:"Product/Product_edit";}i:1;a:3:{s:11:"otherParams";a:0:{}s:4:"desc";s:6:"删除";s:4:"href";s:19:"Product/Product_del";}}', ''),
(21, 'friend_links', '友情链接', 0, 'a:2:{i:0;a:2:{s:4:"href";s:30:"Friend_links/Friend_links_edit";s:4:"desc";s:6:"编辑";}i:1;a:2:{s:4:"href";s:29:"Friend_links/Friend_links_del";s:4:"desc";s:6:"删除";}}', ''),
(22, 'others', '其他', 15, 'a:2:{i:0;a:2:{s:4:"href";s:18:"Others/Others_edit";s:4:"desc";s:6:"编辑";}i:1;a:2:{s:4:"href";s:17:"Others/Others_del";s:4:"desc";s:6:"删除";}}', ''),
(23, 'catalog', '方案', 15, 'a:3:{i:0;a:3:{s:11:"otherParams";a:0:{}s:4:"desc";s:6:"编辑";s:4:"href";s:20:"Catalog/Catalog_edit";}i:1;a:3:{s:11:"otherParams";a:0:{}s:4:"desc";s:6:"删除";s:4:"href";s:19:"Catalog/Catalog_del";}i:2;a:3:{s:11:"otherParams";a:1:{i:0;a:2:{s:3:"key";s:6:"cat_id";s:5:"value";s:6:"cat_id";}}s:4:"desc";s:12:"关联产品";s:4:"href";s:20:"Catalog/set_relative";}}', ''),
(25, 'advertise', '广告', 0, 'a:2:{i:0;a:2:{s:4:"href";s:24:"Advertise/Advertise_edit";s:4:"desc";s:6:"编辑";}i:1;a:2:{s:4:"href";s:23:"Advertise/Advertise_del";s:4:"desc";s:6:"删除";}}', '');

-- --------------------------------------------------------

--
-- 表的结构 `cm_table_column`
--

CREATE TABLE IF NOT EXISTS `cm_table_column` (
  `tab_col_id` int(11) NOT NULL AUTO_INCREMENT,
  `table_id` int(11) NOT NULL COMMENT '字段所属table',
  `column_name` varchar(255) NOT NULL COMMENT '字段（name）',
  `column_type` varchar(100) NOT NULL COMMENT '字段类型',
  `is_add` tinyint(4) NOT NULL COMMENT '0添加不显示，1显示',
  `is_edit` tinyint(4) NOT NULL COMMENT '编辑0不显示，1显示',
  `is_list` tinyint(4) NOT NULL DEFAULT '0' COMMENT '是否列表',
  `is_search` tinyint(4) NOT NULL DEFAULT '0' COMMENT '是否搜索字段',
  `column_default_value` text NOT NULL,
  `column_desc` varchar(255) NOT NULL DEFAULT '',
  `column_help` varchar(255) NOT NULL,
  `column_error_message` varchar(255) NOT NULL,
  `column_attrs` text NOT NULL COMMENT '表单配置属性',
  `list_attr` varchar(500) NOT NULL DEFAULT '',
  `cm_table_column_sort` int(11) NOT NULL COMMENT '字段显示排序',
  `is_validate` tinyint(4) NOT NULL DEFAULT '0' COMMENT '0为不需要，1为需要',
  `min_length` int(11) NOT NULL DEFAULT '0' COMMENT '最小长度',
  `max_length` int(11) NOT NULL DEFAULT '999999' COMMENT '最大长度',
  `validate_regexp` varchar(255) NOT NULL COMMENT '验证所用正则',
  `is_excel_in` int(11) NOT NULL DEFAULT '0' COMMENT '是否为Excel导入，0为否',
  `is_excel_empty_in` tinyint(4) NOT NULL DEFAULT '0' COMMENT '是否允许Excel空导入，默认为0：否',
  `is_excel_match` tinyint(4) NOT NULL DEFAULT '0' COMMENT '是否为Excel导出，0为否',
  `is_excel_out` int(11) NOT NULL DEFAULT '0' COMMENT '是否为Excel导出，0为否',
  `excel_match_method` varchar(50) NOT NULL COMMENT 'excel匹配方式',
  `excel_in_map` text NOT NULL COMMENT '映射关系',
  `excel_in_sort` tinyint(4) NOT NULL DEFAULT '10' COMMENT 'excel导入字段顺序',
  `excel_match_logic` varchar(50) NOT NULL COMMENT '匹配逻辑',
  `excel_out_map` text NOT NULL COMMENT '导出映射关系',
  `excel_out_sort` tinyint(4) NOT NULL DEFAULT '10' COMMENT '导出顺序',
  PRIMARY KEY (`tab_col_id`)
) ENGINE=MyISAM  DEFAULT CHARSET=utf8 AUTO_INCREMENT=200 ;

--
-- 转存表中的数据 `cm_table_column`
--

INSERT INTO `cm_table_column` (`tab_col_id`, `table_id`, `column_name`, `column_type`, `is_add`, `is_edit`, `is_list`, `is_search`, `column_default_value`, `column_desc`, `column_help`, `column_error_message`, `column_attrs`, `list_attr`, `cm_table_column_sort`, `is_validate`, `min_length`, `max_length`, `validate_regexp`, `is_excel_in`, `is_excel_empty_in`, `is_excel_match`, `is_excel_out`, `excel_match_method`, `excel_in_map`, `excel_in_sort`, `excel_match_logic`, `excel_out_map`, `excel_out_sort`) VALUES
(65, 11, 'website_id', 'primaryKey', 1, 1, 1, 0, '', '主键（自增）', '', '', '', '', 0, 0, 0, 999999, '', 0, 0, 0, 0, '', '', 10, '', '', 10),
(66, 11, 'webname', 'singleErea', 1, 1, 1, 0, '', '站点名称', '站点名称', '', '', '', 66, 0, 0, 999999, '0', 0, 0, 0, 0, '', '', 10, '', '', 10),
(67, 11, 'weburl', 'singleErea', 1, 1, 1, 0, '', '站点模板目录', '站点目录', '', '', '', 102, 0, 0, 999999, '0', 0, 0, 0, 0, '', '', 10, '', '', 10),
(69, 13, 'article_id', 'primaryKey', 0, 1, 1, 0, '', '主键（自增）', '', '', '', '', 0, 0, 0, 999999, '', 0, 0, 0, 0, '', '', 10, '', '', 10),
(70, 14, 'web_baseinfo_id', 'primaryKey', 1, 1, 1, 0, '', '主键（自增）', '', '', '', '', 0, 0, 0, 999999, '', 0, 0, 0, 0, '', '', 10, '', '', 10),
(72, 14, 'info_key', 'singleErea', 1, 1, 1, 0, '', '信息键', '信息键', '', '', '', 72, 0, 0, 999999, '0', 0, 0, 0, 0, '', '', 10, '', '', 10),
(73, 14, 'info_val', 'singleErea', 1, 1, 1, 0, '', '信息值', '信息值', '', '', '', 73, 0, 0, 999999, '0', 0, 0, 0, 0, '', '', 10, '', '', 10),
(75, 15, 'category_id', 'primaryKey', 1, 1, 1, 0, '', '主键（自增）', '', '', '', '', 0, 0, 0, 999999, '', 0, 0, 0, 0, '', '', 10, '', '', 10),
(76, 15, 'cat_name', 'singleErea', 1, 1, 1, 0, '', '栏目名称', '栏目名称', '', '', '', 76, 0, 0, 999999, '0', 0, 0, 0, 0, '', '', 10, '', '', 10),
(78, 15, 'thumb', 'singlePic', 1, 1, 1, 0, '', '缩略图', '缩略图', '', '', '', 81, 0, 0, 999999, '0', 0, 0, 0, 0, '', '', 10, '', '', 10),
(79, 15, 'is_show', 'radio', 1, 1, 1, 0, '', '显示', '显示', '', 'a:2:{s:4:"type";i:1;s:5:"lists";a:2:{i:0;a:2:{s:5:"value";s:1:"0";s:4:"desc";s:3:"是";}i:1;a:2:{s:5:"value";s:1:"1";s:4:"desc";s:3:"否";}}}', '', 147, 0, 0, 999999, '0', 0, 0, 0, 0, '', '', 10, '', '', 10),
(80, 15, 'is_single', 'radio', 1, 1, 0, 0, '', '是否单页', '是否单页', '', 'a:2:{s:4:"type";i:1;s:5:"lists";a:2:{i:0;a:2:{s:5:"value";s:1:"0";s:4:"desc";s:3:"是";}i:1;a:2:{s:5:"value";s:1:"1";s:4:"desc";s:3:"否";}}}', '', 146, 0, 0, 999999, '0', 0, 0, 0, 0, '', '', 10, '', '', 10),
(82, 13, 'title', 'singleErea', 1, 1, 1, 1, '', '标题', '标题', '', '', '', 83, 0, 0, 999999, '0', 0, 0, 0, 0, '', '', 10, '', '', 10),
(83, 13, 'keywords', 'singleErea', 1, 1, 0, 1, '', '关键词', '关键词', '', '', '', 88, 0, 0, 999999, '0', 0, 0, 0, 0, '', '', 10, '', '', 10),
(85, 13, 'thumb', 'singlePic', 1, 1, 1, 0, '', '缩略图', '(手机站-新闻，建议250X150)', '', '', '', 89, 0, 0, 999999, '0', 0, 0, 0, 0, '', '', 10, '', '', 10),
(86, 13, 'content', 'edictor', 1, 1, 0, 0, '', '内容', '内容', '内容', '', '', 101, 0, 0, 999999, '0', 0, 0, 0, 0, '', '', 10, '', '', 10),
(87, 13, 'catalog', 'multiPic', 1, 1, 0, 0, '', '画册', '画册', '', 'a:1:{s:9:"pic_attrs";a:5:{i:0;a:4:{s:3:"key";s:4:"name";s:4:"desc";s:12:"图片名称";s:9:"attr_type";s:1:"1";s:4:"sort";s:1:"0";}i:1;a:4:{s:3:"key";s:3:"alt";s:4:"desc";s:9:"图片ALT";s:9:"attr_type";s:1:"1";s:4:"sort";s:1:"1";}i:2;a:4:{s:3:"key";s:4:"sort";s:4:"desc";s:12:"图片排序";s:9:"attr_type";s:1:"1";s:4:"sort";s:1:"2";}i:3;a:4:{s:3:"key";s:4:"href";s:4:"desc";s:12:"图片链接";s:9:"attr_type";s:1:"1";s:4:"sort";s:1:"3";}i:4;a:4:{s:3:"key";s:7:"content";s:4:"desc";s:12:"图片描述";s:9:"attr_type";s:1:"3";s:4:"sort";s:1:"4";}}}', '', 96, 0, 0, 999999, '0', 0, 0, 0, 0, '', '', 10, '', '', 10),
(88, 13, 'description', 'multiErea', 1, 1, 0, 0, '', '描述', '描述', '', '', '', 97, 0, 0, 999999, '0', 0, 0, 0, 0, '', '', 10, '', '', 10),
(89, 13, 'datetime', 'hidden_date', 1, 1, 0, 0, '', '时间', '时间', '', '1', '', 114, 0, 0, 999999, '0', 0, 0, 0, 0, '', '', 10, '', '', 10),
(93, 18, 'art_position_id', 'primaryKey', 1, 1, 1, 0, '', '主键（自增）', '', '', '', '', 0, 0, 0, 999999, '', 0, 0, 0, 0, '', '', 10, '', '', 10),
(94, 18, 'pos_name', 'singleErea', 1, 1, 1, 0, '', '推荐位置', '推荐位置', '', '', '', 94, 0, 0, 999999, '0', 0, 0, 0, 0, '', '', 10, '', '', 10),
(96, 13, 'positions', 'checkedbox', 1, 1, 0, 0, '', '推荐位', '推荐位', '', 'a:5:{s:4:"type";s:1:"0";s:9:"value_key";s:15:"art_position_id";s:10:"value_desc";s:8:"pos_name";s:8:"data_sql";s:30:"SELECT *  FROM  `art_position`";s:5:"lists";a:1:{i:0;a:2:{s:5:"value";s:0:"";s:4:"desc";s:0:"";}}}', '', 172, 0, 0, 999999, '0', 0, 0, 0, 0, '', '', 10, '', '', 10),
(97, 13, 'siteid', 'session', 1, 1, 0, 0, '', '所属站点', '所属站点', '', '', '', 113, 0, 0, 999999, '0', 0, 0, 0, 0, '', '', 10, '', '', 10),
(98, 18, 'siteid', 'session', 1, 1, 0, 0, '', '所属站点', '所属站点', '', '', '', 98, 0, 0, 999999, '0', 0, 0, 0, 0, '', '', 10, '', '', 10),
(99, 15, 'siteid', 'session', 1, 1, 0, 0, '', '所属站点', '所属站点', '', '', '', 148, 0, 0, 999999, '0', 0, 0, 0, 0, '', '', 10, '', '', 10),
(100, 14, 'siteid', 'session', 1, 1, 0, 0, '', '所属站点', '所属站点', '', '', '', 100, 0, 0, 999999, '0', 0, 0, 0, 0, '', '', 10, '', '', 10),
(101, 13, 'cat_id', 'foreignKey', 1, 1, 0, 0, '', '所属分类', '所属分类', '', 'a:2:{s:10:"table_name";s:8:"category";s:11:"column_name";s:11:"category_id";}', '', 168, 0, 0, 999999, '0', 0, 0, 0, 0, '', '', 10, '', '', 10),
(102, 11, 'siteUrl', 'singleErea', 1, 1, 0, 0, '', '站点地址', '站点地址', '', '', '', 67, 0, 0, 999999, '0', 0, 0, 0, 0, '', '', 10, '', '', 10),
(104, 13, 'hits', 'special', 0, 1, 0, 0, '', '点击量', '点击量', '', '', '', 105, 0, 0, 999999, '0', 0, 0, 0, 0, '', '', 10, '', '', 10),
(105, 13, 'favor', 'special', 0, 0, 0, 0, '', '点赞量', '点赞量', '', '', '', 104, 0, 0, 999999, '0', 0, 0, 0, 0, '', '', 10, '', '', 10),
(115, 20, 'product_id', 'primaryKey', 0, 0, 1, 0, '', '主键（自增）', '', '', '', '', 0, 0, 0, 999999, '', 0, 0, 0, 0, '', '', 10, '', '', 10),
(116, 21, 'friend_links_id', 'primaryKey', 0, 0, 1, 0, '', '主键（自增）', '', '', '', '', 0, 0, 0, 999999, '', 0, 0, 0, 0, '', '', 10, '', '', 10),
(117, 22, 'others_id', 'primaryKey', 1, 1, 1, 0, '', '主键（自增）', '', '', '', '', 0, 0, 0, 999999, '', 0, 0, 0, 0, '', '', 10, '', '', 10),
(118, 23, 'catalog_id', 'primaryKey', 0, 0, 1, 0, '', '主键（自增）', '', '', '', '', 0, 0, 0, 999999, '', 0, 0, 0, 0, '', '', 10, '', '', 10),
(120, 15, 'module_id', 'select', 1, 1, 0, 0, '', '所属模型', '所属模型', '', 'a:6:{s:4:"type";s:1:"0";s:9:"value_key";s:8:"table_id";s:10:"value_desc";s:10:"table_name";s:8:"data_sql";s:26:"SELECT *  FROM  `cm_table`";s:7:"list_id";s:1:"0";s:5:"lists";a:1:{i:0;a:2:{s:5:"value";s:0:"";s:4:"desc";s:0:"";}}}', '', 167, 0, 0, 999999, '0', 0, 0, 0, 0, '', '', 10, '', '', 10),
(121, 20, 'title', 'singleErea', 1, 1, 1, 0, '', '标题', '标题', '标题必填(2到30字)', '', '', 122, 1, 4, 60, 'notempty', 0, 0, 0, 0, '', '', 10, '', '', 10),
(122, 20, 'thumb', 'singlePic', 1, 1, 1, 0, '', '缩略图', '缩略图', '', '', '', 124, 0, 0, 999999, '0', 0, 0, 0, 0, '', '', 10, '', '', 10),
(123, 20, 'description', 'multiErea', 1, 1, 0, 0, '', '描述', '描述', '', '', '', 127, 0, 0, 999999, '0', 0, 0, 0, 0, '', '', 10, '', '', 10),
(124, 20, 'content', 'edictor', 1, 1, 0, 0, '', '内容', '内容', '', '', '', 154, 0, 0, 999999, '0', 0, 0, 0, 0, '', '', 10, '', '', 10),
(125, 20, 'siteid', 'session', 1, 1, 0, 0, '', '所属站点', '所属站点', '', '', '', 195, 0, 0, 999999, '0', 0, 0, 0, 0, '', '', 10, '', '', 10),
(126, 20, 'hits', 'special', 0, 0, 0, 0, '', '点击量', '点击量', '', '', '', 193, 0, 0, 999999, '0', 0, 0, 0, 0, '', '', 10, '', '', 10),
(127, 20, 'favor', 'special', 0, 0, 0, 0, '', '点赞量', 'favor', '', '', '', 194, 0, 0, 999999, '0', 0, 0, 0, 0, '', '', 10, '', '', 10),
(128, 20, 'positions', 'checkedbox', 1, 1, 0, 0, '', '推荐位', '推荐位', '', 'a:5:{s:4:"type";s:1:"0";s:9:"value_key";s:15:"art_position_id";s:10:"value_desc";s:8:"pos_name";s:8:"data_sql";s:30:"SELECT *  FROM  `art_position`";s:5:"lists";a:1:{i:0;a:2:{s:5:"value";s:0:"";s:4:"desc";s:0:"";}}}', '', 172, 0, 0, 999999, '0', 0, 0, 0, 0, '', '', 10, '', '', 10),
(129, 22, 'title', 'singleErea', 1, 1, 1, 0, '', '标题', '标题', '', '', '', 129, 0, 0, 999999, '0', 0, 0, 0, 0, '', '', 10, '', '', 10),
(130, 22, 'thumb', 'singlePic', 1, 1, 1, 0, '', '缩略图', '缩略图', '', '', '', 130, 0, 0, 999999, '0', 0, 0, 0, 0, '', '', 10, '', '', 10),
(131, 22, 'description', 'multiErea', 1, 1, 0, 0, '', '描述', '描述', '', '', '', 131, 0, 0, 999999, '0', 0, 0, 0, 0, '', '', 10, '', '', 10),
(132, 22, 'content', 'edictor', 1, 1, 0, 0, '', '内容', '内容', '', '', '', 132, 0, 0, 999999, '0', 0, 0, 0, 0, '', '', 10, '', '', 10),
(133, 22, 'siteid', 'session', 1, 1, 0, 0, '', '所属站点', '所属站点', '', '', '', 133, 0, 0, 999999, '0', 0, 0, 0, 0, '', '', 10, '', '', 10),
(134, 22, 'hits', 'special', 1, 1, 0, 0, '', '点击量', '点击量', '', '', '', 134, 0, 0, 999999, '0', 0, 0, 0, 0, '', '', 10, '', '', 10),
(135, 22, 'favor', 'special', 1, 1, 0, 0, '', '点赞量', '点赞量', '', '', '', 135, 0, 0, 999999, '0', 0, 0, 0, 0, '', '', 10, '', '', 10),
(136, 22, 'positions', 'checkedbox', 1, 1, 0, 0, '', '推荐位置', '推荐位置', '', 'a:5:{s:4:"type";s:1:"0";s:9:"value_key";s:15:"art_position_id";s:10:"value_desc";s:8:"pos_name";s:8:"data_sql";s:30:"SELECT *  FROM  `art_position`";s:5:"lists";a:1:{i:0;a:2:{s:5:"value";s:0:"";s:4:"desc";s:0:"";}}}', '', 172, 0, 0, 999999, '0', 0, 0, 0, 0, '', '', 10, '', '', 10),
(137, 23, 'title', 'singleErea', 1, 1, 1, 0, '', '标题', '标题', '', '', '', 137, 0, 0, 999999, '0', 0, 0, 0, 0, '', '', 10, '', '', 10),
(138, 23, 'thumb', 'singlePic', 1, 1, 1, 0, '', '场景缩略图', '场景缩略图', '', '', '', 141, 0, 0, 999999, '0', 0, 0, 0, 0, '', '', 10, '', '', 10),
(140, 23, 'content', 'edictor', 1, 1, 0, 0, '', '内容', '内容', '', '', '', 140, 0, 0, 999999, '0', 0, 0, 0, 0, '', '', 10, '', '', 10),
(141, 23, 'siteid', 'session', 1, 1, 0, 0, '', '所属站点', '所属站点', '', '', '', 197, 0, 0, 999999, '0', 0, 0, 0, 0, '', '', 10, '', '', 10),
(142, 23, 'hits', 'special', 0, 0, 0, 0, '', '点击量', '点击量', '', '', '', 142, 0, 0, 999999, '0', 0, 0, 0, 0, '', '', 10, '', '', 10),
(144, 23, 'positions', 'checkedbox', 1, 1, 0, 0, '', '推荐位置', '推荐位置', '', 'a:5:{s:4:"type";s:1:"0";s:9:"value_key";s:15:"art_position_id";s:10:"value_desc";s:8:"pos_name";s:8:"data_sql";s:30:"SELECT *  FROM  `art_position`";s:5:"lists";a:1:{i:0;a:2:{s:5:"value";s:0:"";s:4:"desc";s:0:"";}}}', '', 172, 0, 0, 999999, '0', 0, 0, 0, 0, '', '', 10, '', '', 10),
(145, 23, 'favor', 'special', 0, 0, 0, 0, '', '点赞量', '点赞量', '', '', '', 145, 0, 0, 999999, '0', 0, 0, 0, 0, '', '', 10, '', '', 10),
(146, 15, 'title', 'singleErea', 1, 1, 0, 0, '', 'title', 'title', '', '', '', 80, 0, 0, 999999, '0', 0, 0, 0, 0, '', '', 10, '', '', 10),
(147, 15, 'keywords', 'singleErea', 1, 1, 0, 0, '', 'Keywords', 'Keywords', '', '', '', 99, 0, 0, 999999, '0', 0, 0, 0, 0, '', '', 10, '', '', 10),
(148, 15, 'description', 'multiErea', 1, 1, 0, 0, '', 'Description', 'Description', '', '', '', 120, 0, 0, 999999, '0', 0, 0, 0, 0, '', '', 10, '', '', 10),
(149, 23, 'cat_id', 'foreignKey', 1, 1, 0, 0, '', '所属分类', '所属分类', '', 'a:2:{s:10:"table_name";s:8:"category";s:11:"column_name";s:11:"category_id";}', '', 149, 0, 0, 999999, '0', 0, 0, 0, 0, '', '', 10, '', '', 10),
(150, 22, 'cat_id', 'foreignKey', 1, 1, 0, 0, '', '所属分类', '所属分类', '', 'a:2:{s:10:"table_name";s:8:"category";s:11:"column_name";s:11:"category_id";}', '', 150, 0, 0, 999999, '0', 0, 0, 0, 0, '', '', 10, '', '', 10),
(151, 20, 'cat_id', 'foreignKey', 1, 1, 0, 0, '', '所属分类', '所属分类', '', 'a:2:{s:10:"table_name";s:8:"category";s:11:"column_name";s:11:"category_id";}', '', 151, 0, 0, 999999, '0', 0, 0, 0, 0, '', '', 10, '', '', 10),
(157, 25, 'advertise_id', 'primaryKey', 0, 0, 1, 0, '', '主键（自增）', '', '', '', '', 0, 0, 0, 999999, '', 0, 0, 0, 0, '', '', 10, '', '', 10),
(159, 25, 'siteid', 'session', 1, 1, 0, 0, '', '所属站点', '所属站点', '', '', '', 159, 0, 0, 999999, '0', 0, 0, 0, 0, '', '', 10, '', '', 10),
(160, 25, 'title', 'singleErea', 1, 1, 1, 0, '', '广告位名称', '广告位名称', '', '', '', 160, 0, 0, 999999, '0', 0, 0, 0, 0, '', '', 10, '', '', 10),
(162, 25, 'thumb', 'singlePic', 1, 1, 0, 0, '', '广告位缩略图', '广告位缩略图', '', '', '', 163, 0, 0, 999999, '0', 0, 0, 0, 0, '', '', 10, '', '', 10),
(163, 25, 'pics', 'multiPic', 1, 1, 0, 0, '', '广告列表', '广告列表', '', 'a:1:{s:9:"pic_attrs";a:5:{i:0;a:4:{s:3:"key";s:4:"name";s:4:"desc";s:12:"图片名称";s:9:"attr_type";s:1:"1";s:4:"sort";s:1:"0";}i:1;a:4:{s:3:"key";s:3:"alt";s:4:"desc";s:9:"图片ALT";s:9:"attr_type";s:1:"1";s:4:"sort";s:1:"1";}i:2;a:4:{s:3:"key";s:4:"sort";s:4:"desc";s:12:"图片排序";s:9:"attr_type";s:1:"1";s:4:"sort";s:1:"2";}i:3;a:4:{s:3:"key";s:4:"href";s:4:"desc";s:12:"图片链接";s:9:"attr_type";s:1:"1";s:4:"sort";s:1:"3";}i:4;a:4:{s:3:"key";s:7:"content";s:4:"desc";s:12:"图片描述";s:9:"attr_type";s:1:"3";s:4:"sort";s:1:"4";}}}', '', 164, 0, 0, 999999, '0', 0, 0, 0, 0, '', '', 10, '', '', 10),
(164, 25, 'description', 'multiErea', 1, 1, 0, 0, '', '广告位置描述', '广告位置描述', '', '', '', 162, 0, 0, 999999, '0', 0, 0, 0, 0, '', '', 10, '', '', 10),
(166, 15, 'sort', 'singleErea', 1, 1, 0, 0, '', '排序', '排序', '', '', '', 166, 0, 0, 999999, '0', 0, 0, 0, 0, '', '', 10, '', '', 10),
(167, 15, 'eng_name', 'singleErea', 1, 1, 0, 0, '', '英文名称', '英文名称', '', '', '', 79, 0, 0, 999999, '0', 0, 0, 0, 0, '', '', 10, '', '', 10),
(168, 13, 'eng_title', 'singleErea', 1, 1, 0, 0, '', '英文名称', '英文名称', '', '', '', 87, 0, 0, 999999, '0', 0, 0, 0, 0, '', '', 10, '', '', 10),
(186, 21, 'thumb', 'singlePic', 1, 1, 1, 0, '', '缩略图', '缩略图', '', '', '', 185, 0, 0, 999999, '0', 0, 0, 0, 0, '', '', 10, '', '', 10),
(187, 21, 'url', 'singleErea', 1, 1, 1, 0, '', '链接地址', '链接地址', '', '', '', 186, 0, 0, 999999, '0', 0, 0, 0, 0, '', '', 10, '', '', 10),
(185, 21, 'name', 'singleErea', 1, 1, 1, 0, '', '名称', '名称', '', '', '', 172, 1, 0, 999999, 'notempty', 0, 0, 0, 0, '', '', 10, '', '', 10),
(174, 15, 'category_sort', 'singleErea', 1, 1, 0, 0, '', '排序', '排序', '', '', '', 172, 0, 0, 999999, '', 0, 0, 0, 0, '', '', 10, '', '', 10),
(175, 13, 'article_sort', 'singleErea', 1, 1, 1, 0, '', '排序', '排序', '', '', '', 112, 0, 0, 999999, '', 0, 0, 0, 0, '', '', 10, '', '', 10),
(176, 20, 'product_sort', 'singleErea', 1, 1, 1, 0, '', '排序', '排序', '', '', '', 155, 0, 0, 999999, '', 0, 0, 0, 0, '', '', 10, '', '', 10),
(177, 23, 'catalog_sort', 'singleErea', 1, 1, 1, 0, '', '排序', '排序', '', '', '', 144, 0, 0, 999999, '', 0, 0, 0, 0, '', '', 10, '', '', 10),
(178, 22, 'others_sort', 'singleErea', 1, 1, 1, 0, '', '排序', '排序', '', '', '', 136, 0, 0, 999999, '', 0, 0, 0, 0, '', '', 10, '', '', 10),
(179, 20, 'hits_ips', 'special', 0, 0, 0, 0, '', '记录点击过的IP', '记录点击过的IP', '', '', '', 179, 0, 0, 999999, '0', 0, 0, 0, 0, '', '', 10, '', '', 10),
(180, 20, 'favor_ips', 'special', 0, 0, 0, 0, '', '点赞IP记录', '点赞IP记录', '', '', '', 180, 0, 0, 999999, '0', 0, 0, 0, 0, '', '', 10, '', '', 10),
(181, 23, 'hits_ips', 'special', 0, 0, 0, 0, '', '点击量IP', '点击量IP', '', '', '', 181, 0, 0, 999999, '0', 0, 0, 0, 0, '', '', 10, '', '', 10),
(182, 23, 'favor_ips', 'special', 0, 0, 0, 0, '', '点赞IP记录', '点赞IP记录', '', '', '', 182, 0, 0, 999999, '0', 0, 0, 0, 0, '', '', 10, '', '', 10),
(183, 22, 'hits_ips', 'special', 0, 0, 0, 0, '', '点击量IP', '点击量IP', '', '', '', 183, 0, 0, 999999, '0', 0, 0, 0, 0, '', '', 10, '', '', 10),
(184, 22, 'favor_ips', 'special', 0, 0, 0, 0, '', '点赞IP', '点赞IP', '', '', '', 184, 0, 0, 999999, '0', 0, 0, 0, 0, '', '', 10, '', '', 10),
(188, 21, 'description', 'multiErea', 1, 1, 0, 0, '', '备注', '', '', '', '', 187, 0, 0, 999999, '0', 0, 0, 0, 0, '', '', 10, '', '', 10),
(189, 21, 'friend_links_sort', 'singleErea', 1, 1, 0, 0, '', '排序', '排序', '', '', '', 188, 0, 0, 999999, '', 0, 0, 0, 0, '', '', 10, '', '', 10),
(190, 25, 'advertise_sort', 'singleErea', 1, 1, 1, 0, '', '排序', '排序', '', '', '', 172, 0, 0, 999999, '', 0, 0, 0, 0, '', '', 10, '', '', 10),
(191, 14, 'web_baseinfo_sort', 'singleErea', 1, 1, 0, 0, '', '排序', '排序', '', '', '', 172, 0, 0, 999999, '', 0, 0, 0, 0, '', '', 10, '', '', 10),
(192, 11, 'website_sort', 'singleErea', 1, 1, 0, 0, '', '排序', '排序', '', '', '', 172, 0, 0, 999999, '', 0, 0, 0, 0, '', '', 10, '', '', 10),
(193, 20, 'guige', 'singleErea', 1, 1, 0, 0, '', '产品规格', '产品规格', '产品规格', '', '', 123, 0, 0, 999999, '0', 0, 0, 0, 0, '', '', 10, '', '', 10),
(194, 20, 'pro_chang', 'singlePic', 1, 1, 0, 0, '', '产品场景小图', '产品场景小图', '产品场景小图', '', '', 126, 0, 0, 999999, '0', 0, 0, 0, 0, '', '', 10, '', '', 10),
(198, 23, 'thumb', 'singlePic', 1, 1, 1, 0, '', '场景缩略图', '场景缩略图', '', '', '', 141, 0, 0, 999999, '0', 0, 0, 0, 0, '', '', 10, '', '', 10),
(195, 20, 'pro_imgs', 'multiPic', 1, 1, 0, 0, '', '产品图片', '产品图片', '', 'a:1:{s:9:"pic_attrs";a:5:{i:0;a:4:{s:3:"key";s:4:"name";s:4:"desc";s:12:"图片名称";s:9:"attr_type";s:1:"1";s:4:"sort";s:1:"0";}i:1;a:4:{s:3:"key";s:3:"alt";s:4:"desc";s:9:"图片ALT";s:9:"attr_type";s:1:"1";s:4:"sort";s:1:"1";}i:2;a:4:{s:3:"key";s:4:"sort";s:4:"desc";s:12:"图片排序";s:9:"attr_type";s:1:"1";s:4:"sort";s:1:"2";}i:3;a:4:{s:3:"key";s:4:"href";s:4:"desc";s:12:"图片链接";s:9:"attr_type";s:1:"1";s:4:"sort";s:1:"3";}i:4;a:4:{s:3:"key";s:7:"content";s:4:"desc";s:12:"图片描述";s:9:"attr_type";s:1:"3";s:4:"sort";s:1:"4";}}}', '', 128, 0, 0, 999999, '0', 0, 0, 0, 0, '', '', 10, '', '', 10),
(196, 23, 'title2', 'singleErea', 1, 1, 0, 0, '', '标题2', '', '', '', '', 138, 0, 0, 999999, '0', 0, 0, 0, 0, '', '', 10, '', '', 10),
(197, 23, 'title3', 'singleErea', 1, 1, 0, 0, '', '标题3', '', '', '', '', 139, 0, 0, 999999, '0', 0, 0, 0, 0, '', '', 10, '', '', 10),
(199, 23, 'description2', 'multiErea', 1, 1, 0, 0, '', '简述', '简述', '', '', '', 120, 0, 0, 999999, '0', 0, 0, 0, 0, '', '', 10, '', '', 10);

-- --------------------------------------------------------

--
-- 表的结构 `friend_links`
--

CREATE TABLE IF NOT EXISTS `friend_links` (
  `friend_links_id` int(11) NOT NULL AUTO_INCREMENT,
  `friend_links_sort` int(11) NOT NULL DEFAULT '0',
  `name` varchar(255) NOT NULL DEFAULT '',
  `thumb` varchar(255) NOT NULL DEFAULT '',
  `url` varchar(255) NOT NULL DEFAULT '',
  `description` text NOT NULL,
  PRIMARY KEY (`friend_links_id`)
) ENGINE=MyISAM DEFAULT CHARSET=utf8 AUTO_INCREMENT=1 ;

-- --------------------------------------------------------

--
-- 表的结构 `others`
--

CREATE TABLE IF NOT EXISTS `others` (
  `others_id` int(11) NOT NULL AUTO_INCREMENT,
  `others_sort` int(11) NOT NULL DEFAULT '0',
  `title` varchar(255) NOT NULL DEFAULT '',
  `thumb` varchar(255) NOT NULL DEFAULT '',
  `description` text NOT NULL,
  `content` text NOT NULL,
  `siteid` varchar(255) NOT NULL DEFAULT '',
  `hits` int(11) NOT NULL DEFAULT '0',
  `favor` int(11) NOT NULL DEFAULT '0',
  `positions` varchar(500) NOT NULL DEFAULT '',
  `cat_id` int(11) NOT NULL DEFAULT '0',
  `hits_ips` text NOT NULL,
  `favor_ips` text NOT NULL,
  PRIMARY KEY (`others_id`)
) ENGINE=MyISAM  DEFAULT CHARSET=utf8 AUTO_INCREMENT=2 ;

--
-- 转存表中的数据 `others`
--

INSERT INTO `others` (`others_id`, `others_sort`, `title`, `thumb`, `description`, `content`, `siteid`, `hits`, `favor`, `positions`, `cat_id`, `hits_ips`, `favor_ips`) VALUES
(1, 1, '2333', '', '', '', '1', 0, 0, '', 94, '', '');

-- --------------------------------------------------------

--
-- 表的结构 `product`
--

CREATE TABLE IF NOT EXISTS `product` (
  `product_id` int(11) NOT NULL AUTO_INCREMENT,
  `product_sort` int(11) NOT NULL DEFAULT '0',
  `title` varchar(255) NOT NULL DEFAULT '',
  `thumb` varchar(255) NOT NULL DEFAULT '',
  `description` text NOT NULL,
  `content` text NOT NULL,
  `siteid` varchar(255) NOT NULL DEFAULT '',
  `hits` int(11) NOT NULL DEFAULT '0',
  `favor` int(11) NOT NULL DEFAULT '0',
  `positions` varchar(500) NOT NULL DEFAULT '',
  `cat_id` int(11) NOT NULL DEFAULT '0',
  `hits_ips` text NOT NULL,
  `favor_ips` text NOT NULL,
  `guige` varchar(255) NOT NULL DEFAULT '',
  `pro_chang` varchar(255) NOT NULL DEFAULT '',
  `pro_imgs` text NOT NULL,
  PRIMARY KEY (`product_id`)
) ENGINE=MyISAM  DEFAULT CHARSET=utf8 AUTO_INCREMENT=81 ;

--
-- 转存表中的数据 `product`
--

INSERT INTO `product` (`product_id`, `product_sort`, `title`, `thumb`, `description`, `content`, `siteid`, `hits`, `favor`, `positions`, `cat_id`, `hits_ips`, `favor_ips`, `guige`, `pro_chang`, `pro_imgs`) VALUES
(1, 1, 'DR9401604', '', '', '', '1', 0, 0, '', 92, '', '', '', '', ''),
(2, 2, '5555555', '', '', '', '1', 0, 0, '', 92, '', '', '', '', ''),
(39, 39, '1-60156PS', '/Public/uploads/pics/2015-06/557a7467a2256.png', '', '<img src="/Public/uploads/pics/2015-06/557a74778b3ff.jpg" alt="" /><img src="/Public/uploads/pics/2015-06/557a7477a5277.jpg" alt="" /><img src="/Public/uploads/pics/2015-06/557a7477bf09b.jpg" alt="" /><img src="/Public/uploads/pics/2015-06/557a7477f2a24.jpg" alt="" /><img src="/Public/uploads/pics/2015-06/557a74781fef3.jpg" alt="" /><img src="/Public/uploads/pics/2015-06/557a747841684.jpg" alt="" /><img src="/Public/uploads/pics/2015-06/557a747861400.jpg" alt="" /><img src="/Public/uploads/pics/2015-06/557a74787f50e.jpg" alt="" /><img src="/Public/uploads/pics/2015-06/557a74789c057.jpg" alt="" /><img src="/Public/uploads/pics/2015-06/557a7478c0420.jpg" alt="" /><img src="/Public/uploads/pics/2015-06/557a7478e23ee.jpg" alt="" /><img src="/Public/uploads/pics/2015-06/557a747914edf.jpg" alt="" /><img src="/Public/uploads/pics/2015-06/557a747931e64.jpg" alt="" /><img src="/Public/uploads/pics/2015-06/557a747951dc0.jpg" alt="" />', '1', 1, 0, '', 103, 'a:1:{i:0;s:14:"192.168.200.12";}', '', '', '', ''),
(27, 27, '1SR601271', '/Public/uploads/pics/2015-06/557a585660561.png', '', '<img src="/Public/uploads/pics/2015-06/557a58637374b.jpg" alt="" /><img src="/Public/uploads/pics/2015-06/557a586391de8.jpg" alt="" /><img src="/Public/uploads/pics/2015-06/557a5863b1a3f.jpg" alt="" /><img src="/Public/uploads/pics/2015-06/557a5863d8cfb.jpg" alt="" /><img src="/Public/uploads/pics/2015-06/557a58640b170.jpg" alt="" /><img src="/Public/uploads/pics/2015-06/557a5864274b1.jpg" alt="" /><img src="/Public/uploads/pics/2015-06/557a586445047.jpg" alt="" /><img src="/Public/uploads/pics/2015-06/557a586460467.jpg" alt="" /><img src="/Public/uploads/pics/2015-06/557a586487428.jpg" alt="" /><img src="/Public/uploads/pics/2015-06/557a5864a8287.jpg" alt="" /><img src="/Public/uploads/pics/2015-06/557a5864c82ff.jpg" alt="" /><img src="/Public/uploads/pics/2015-06/557a5864e24a0.jpg" alt="" /><img src="/Public/uploads/pics/2015-06/557a5864edda4.jpg" alt="" /><img src="/Public/uploads/pics/2015-06/557a586510352.jpg" alt="" />', '1', 1, 0, '17,11', 102, 'a:1:{i:0;s:9:"127.0.0.1";}', '', '', '', 'a:0:{}'),
(10, 5, 'DR6002001', '/Public/uploads/pics/2015-06/55793855cfb4e.png', '', '<p>\r\n	<img src="/Public/uploads/pics/2015-06/5579387bd8902.jpg" alt="" /><img src="/Public/uploads/pics/2015-06/5579387c025e5.jpg" alt="" /><img src="/Public/uploads/pics/2015-06/5579387c1bed7.jpg" alt="" /><img src="/Public/uploads/pics/2015-06/5579387c39af3.jpg" alt="" /><img src="/Public/uploads/pics/2015-06/5579387c5769b.jpg" alt="" /><img src="/Public/uploads/pics/2015-06/5579387c82b77.jpg" alt="" /><img src="/Public/uploads/pics/2015-06/5579387c99b7a.jpg" alt="" /><img src="/Public/uploads/pics/2015-06/5579387cbad77.jpg" alt="" /><img src="/Public/uploads/pics/2015-06/5579387cd9a4a.jpg" alt="" /><img src="/Public/uploads/pics/2015-06/5579387d06ec0.jpg" alt="" /><img src="/Public/uploads/pics/2015-06/5579387d259c7.jpg" alt="" /><img src="/Public/uploads/pics/2015-06/5579387d4704c.jpg" alt="" /><img src="/Public/uploads/pics/2015-06/5579387d6ac7a.jpg" alt="" /><img src="/Public/uploads/pics/2015-06/5579387d8450f.jpg" alt="" />\r\n</p>\r\n<p>\r\n	<img src="/Public/uploads/pics/2015-06/557939b3d9d65.jpg" alt="" />\r\n</p>', '1', 2, 0, '', 100, 'a:2:{i:0;s:14:"192.168.200.12";i:1;s:9:"127.0.0.1";}', '', '', '', ''),
(11, 11, 'DR6002004', '/Public/uploads/pics/2015-06/557a4ce47575d.png', '', '<img src="/Public/uploads/pics/2015-06/557a4d248868e.jpg" alt="" /><img src="/Public/uploads/pics/2015-06/557a4d24aafad.jpg" alt="" /><img src="/Public/uploads/pics/2015-06/557a4d24ca64c.jpg" alt="" /><img src="/Public/uploads/pics/2015-06/557a4d24eaa4b.jpg" alt="" /><img src="/Public/uploads/pics/2015-06/557a4d25156cc.jpg" alt="" /><img src="/Public/uploads/pics/2015-06/557a4d253919e.jpg" alt="" /><img src="/Public/uploads/pics/2015-06/557a4d2557b8c.jpg" alt="" /><img src="/Public/uploads/pics/2015-06/557a4d2577f87.jpg" alt="" /><img src="/Public/uploads/pics/2015-06/557a4d2596418.jpg" alt="" /><img src="/Public/uploads/pics/2015-06/557a4d25b4ef9.jpg" alt="" /><img src="/Public/uploads/pics/2015-06/557a4d25dad10.jpg" alt="" /><img src="/Public/uploads/pics/2015-06/557a4d2601795.jpg" alt="" /><img src="/Public/uploads/pics/2015-06/557a4d26259b5.jpg" alt="" /><img src="/Public/uploads/pics/2015-06/557a4d264333d.jpg" alt="" /><img src="/Public/uploads/pics/2015-06/557a4d26657db.jpg" alt="" />', '1', 2, 0, '', 100, 'a:2:{i:0;s:14:"192.168.200.12";i:1;s:9:"127.0.0.1";}', '', '', '', ''),
(12, 12, 'DR6002005', '/Public/uploads/pics/2015-06/557a4d6b977d2.png', '', '<img src="/Public/uploads/pics/2015-06/557a4d87339e2.jpg" alt="" /><img src="/Public/uploads/pics/2015-06/557a4d874d93e.jpg" alt="" /><img src="/Public/uploads/pics/2015-06/557a4d876c1f6.jpg" alt="" /><img src="/Public/uploads/pics/2015-06/557a4d878ba6e.jpg" alt="" /><img src="/Public/uploads/pics/2015-06/557a4d87ae4a5.jpg" alt="" /><img src="/Public/uploads/pics/2015-06/557a4d87cb12c.jpg" alt="" /><img src="/Public/uploads/pics/2015-06/557a4d87f3d34.jpg" alt="" /><img src="/Public/uploads/pics/2015-06/557a4d881f261.jpg" alt="" /><img src="/Public/uploads/pics/2015-06/557a4d8840fd1.jpg" alt="" /><img src="/Public/uploads/pics/2015-06/557a4d885b166.jpg" alt="" /><img src="/Public/uploads/pics/2015-06/557a4d8882f34.jpg" alt="" /><img src="/Public/uploads/pics/2015-06/557a4d88a0a62.jpg" alt="" /><img src="/Public/uploads/pics/2015-06/557a4d88b802f.jpg" alt="" /><img src="/Public/uploads/pics/2015-06/557a4d88cd4f5.jpg" alt="" />', '1', 2, 0, '', 100, 'a:2:{i:0;s:9:"127.0.0.1";i:1;s:14:"192.168.200.12";}', '', '', '', ''),
(13, 13, 'DR6002101', '/Public/uploads/pics/2015-06/557a4dc684a13.png', '', '<img src="/Public/uploads/pics/2015-06/557a4ddabb22e.jpg" alt="" /><img src="/Public/uploads/pics/2015-06/557a4ddae4c4c.jpg" alt="" /><img src="/Public/uploads/pics/2015-06/557a4ddb0579e.jpg" alt="" /><img src="/Public/uploads/pics/2015-06/557a4ddb29efd.jpg" alt="" /><img src="/Public/uploads/pics/2015-06/557a4ddb4626c.jpg" alt="" /><img src="/Public/uploads/pics/2015-06/557a4ddb6d0ba.jpg" alt="" /><img src="/Public/uploads/pics/2015-06/557a4ddb89cd3.jpg" alt="" /><img src="/Public/uploads/pics/2015-06/557a4ddbabc26.jpg" alt="" /><img src="/Public/uploads/pics/2015-06/557a4ddbca4df.jpg" alt="" /><img src="/Public/uploads/pics/2015-06/557a4ddbe6f22.jpg" alt="" /><img src="/Public/uploads/pics/2015-06/557a4ddbf34b2.jpg" alt="" /><img src="/Public/uploads/pics/2015-06/557a4ddc0fed8.jpg" alt="" /><img src="/Public/uploads/pics/2015-06/557a4ddc2143a.jpg" alt="" /><img src="/Public/uploads/pics/2015-06/557a4ddc341ab.jpg" alt="" /><img src="/Public/uploads/pics/2015-06/557a4ddc445b5.jpg" alt="" />', '1', 1, 0, '', 100, 'a:1:{i:0;s:9:"127.0.0.1";}', '', '', '', ''),
(14, 14, 'DR6002102', '/Public/uploads/pics/2015-06/557a4e1e499b0.png', '', '<img src="/Public/uploads/pics/2015-06/557a4e3501ab3.jpg" alt="" /><img src="/Public/uploads/pics/2015-06/557a4e351ffa2.jpg" alt="" /><img src="/Public/uploads/pics/2015-06/557a4e35317a1.jpg" alt="" /><img src="/Public/uploads/pics/2015-06/557a4e3549e4a.jpg" alt="" /><img src="/Public/uploads/pics/2015-06/557a4e356ef33.jpg" alt="" /><img src="/Public/uploads/pics/2015-06/557a4e358c57a.jpg" alt="" /><img src="/Public/uploads/pics/2015-06/557a4e35abd8e.jpg" alt="" /><img src="/Public/uploads/pics/2015-06/557a4e35c37a6.jpg" alt="" /><img src="/Public/uploads/pics/2015-06/557a4e35d29c1.jpg" alt="" /><img src="/Public/uploads/pics/2015-06/557a4e35e8bf8.jpg" alt="" /><img src="/Public/uploads/pics/2015-06/557a4e361cf11.jpg" alt="" /><img src="/Public/uploads/pics/2015-06/557a4e36395cf.jpg" alt="" /><img src="/Public/uploads/pics/2015-06/557a4e365e596.jpg" alt="" /><img src="/Public/uploads/pics/2015-06/557a4e3681eb8.jpg" alt="" />', '1', 1, 0, '', 100, 'a:1:{i:0;s:9:"127.0.0.1";}', '', '', '', ''),
(15, 15, 'DR6002103', '/Public/uploads/pics/2015-06/557a4e5d6eb94.png', '', '<img src="/Public/uploads/pics/2015-06/557a4e715b127.jpg" alt="" /><img src="/Public/uploads/pics/2015-06/557a4e716b751.jpg" alt="" /><img src="/Public/uploads/pics/2015-06/557a4e71879b4.jpg" alt="" /><img src="/Public/uploads/pics/2015-06/557a4e719484e.jpg" alt="" /><img src="/Public/uploads/pics/2015-06/557a4e71ac060.jpg" alt="" /><img src="/Public/uploads/pics/2015-06/557a4e71c961b.jpg" alt="" /><img src="/Public/uploads/pics/2015-06/557a4e71d45b5.jpg" alt="" /><img src="/Public/uploads/pics/2015-06/557a4e71ec710.jpg" alt="" /><img src="/Public/uploads/pics/2015-06/557a4e721b200.jpg" alt="" /><img src="/Public/uploads/pics/2015-06/557a4e7241b3a.jpg" alt="" /><img src="/Public/uploads/pics/2015-06/557a4e7255649.jpg" alt="" /><img src="/Public/uploads/pics/2015-06/557a4e72675aa.jpg" alt="" /><img src="/Public/uploads/pics/2015-06/557a4e727381f.jpg" alt="" /><img src="/Public/uploads/pics/2015-06/557a4e7285e49.jpg" alt="" /><img src="/Public/uploads/pics/2015-06/557a4e729b0b8.jpg" alt="" />', '1', 0, 0, '', 100, '', '', '', '', ''),
(16, 16, 'DR6002105', '/Public/uploads/pics/2015-06/557a4e9fc9280.png', '', '<img src="/Public/uploads/pics/2015-06/557a4eb285eca.jpg" alt="" /><img src="/Public/uploads/pics/2015-06/557a4eb2aabb4.jpg" alt="" /><img src="/Public/uploads/pics/2015-06/557a4eb2c7309.jpg" alt="" /><img src="/Public/uploads/pics/2015-06/557a4eb2e17dc.jpg" alt="" /><img src="/Public/uploads/pics/2015-06/557a4eb2ed5e7.jpg" alt="" /><img src="/Public/uploads/pics/2015-06/557a4eb310318.jpg" alt="" /><img src="/Public/uploads/pics/2015-06/557a4eb3367a0.jpg" alt="" /><img src="/Public/uploads/pics/2015-06/557a4eb355d92.jpg" alt="" /><img src="/Public/uploads/pics/2015-06/557a4eb37677d.jpg" alt="" /><img src="/Public/uploads/pics/2015-06/557a4eb39146f.jpg" alt="" /><img src="/Public/uploads/pics/2015-06/557a4eb39b938.jpg" alt="" /><img src="/Public/uploads/pics/2015-06/557a4eb3b188b.jpg" alt="" /><img src="/Public/uploads/pics/2015-06/557a4eb3bf59f.jpg" alt="" /><img src="/Public/uploads/pics/2015-06/557a4eb3d6d26.jpg" alt="" /><img src="/Public/uploads/pics/2015-06/557a4eb40f619.jpg" alt="" />', '1', 0, 0, '', 100, '', '', '', '', ''),
(17, 17, 'DR6002107', '/Public/uploads/pics/2015-06/557a4ee460fd9.png', '', '<img src="/Public/uploads/pics/2015-06/557a4ef9a7ac0.jpg" alt="" /><img src="/Public/uploads/pics/2015-06/557a4ef9cd036.jpg" alt="" /><img src="/Public/uploads/pics/2015-06/557a4ef9efa16.jpg" alt="" /><img src="/Public/uploads/pics/2015-06/557a4efa23b6c.jpg" alt="" /><img src="/Public/uploads/pics/2015-06/557a4efa3adc6.jpg" alt="" /><img src="/Public/uploads/pics/2015-06/557a4efa5baa1.jpg" alt="" /><img src="/Public/uploads/pics/2015-06/557a4efa8123e.jpg" alt="" /><img src="/Public/uploads/pics/2015-06/557a4efaa07ef.jpg" alt="" /><img src="/Public/uploads/pics/2015-06/557a4efac27e9.jpg" alt="" /><img src="/Public/uploads/pics/2015-06/557a4efae33fd.jpg" alt="" /><img src="/Public/uploads/pics/2015-06/557a4efb144ad.jpg" alt="" /><img src="/Public/uploads/pics/2015-06/557a4efb2f53d.jpg" alt="" /><img src="/Public/uploads/pics/2015-06/557a4efb4d6ae.jpg" alt="" /><img src="/Public/uploads/pics/2015-06/557a4efb72ee4.jpg" alt="" /><img src="/Public/uploads/pics/2015-06/557a4efb930ff.jpg" alt="" />', '1', 0, 0, '', 100, '', '', '', '', ''),
(18, 18, 'DR9401604', '/Public/uploads/pics/2015-06/557a4f3357921.png', '', '<img src="/Public/uploads/pics/2015-06/557a4f4b4dcb2.jpg" alt="" /><img src="/Public/uploads/pics/2015-06/557a4f4b732c8.jpg" alt="" /><img src="/Public/uploads/pics/2015-06/557a4f4b84c71.jpg" alt="" /><img src="/Public/uploads/pics/2015-06/557a4f4b9287b.jpg" alt="" /><img src="/Public/uploads/pics/2015-06/557a4f4ba2d9e.jpg" alt="" /><img src="/Public/uploads/pics/2015-06/557a4f4bb6e0b.jpg" alt="" /><img src="/Public/uploads/pics/2015-06/557a4f4bdc7de.jpg" alt="" /><img src="/Public/uploads/pics/2015-06/557a4f4c03ae6.jpg" alt="" /><img src="/Public/uploads/pics/2015-06/557a4f4c0fb06.jpg" alt="" /><img src="/Public/uploads/pics/2015-06/557a4f4c26f22.jpg" alt="" /><img src="/Public/uploads/pics/2015-06/557a4f4c41f1e.jpg" alt="" /><img src="/Public/uploads/pics/2015-06/557a4f4c5349e.jpg" alt="" /><img src="/Public/uploads/pics/2015-06/557a4f4c61672.jpg" alt="" /><img src="/Public/uploads/pics/2015-06/557a4f4c7147e.jpg" alt="" /><img src="/Public/uploads/pics/2015-06/557a4f4c85a72.jpg" alt="" /><img src="/Public/uploads/pics/2015-06/557a4f4c9b9b0.jpg" alt="" />', '1', 1, 0, '', 100, 'a:1:{i:0;s:14:"192.168.200.12";}', '', '', '', ''),
(19, 19, 'DR6002002', '/Public/uploads/pics/2015-06/557a53511bb0e.png', '', '<img src="/Public/uploads/pics/2015-06/557a537425078.jpg" alt="" /><img src="/Public/uploads/pics/2015-06/557a53745564c.jpg" alt="" /><img src="/Public/uploads/pics/2015-06/557a53747dee7.jpg" alt="" /><img src="/Public/uploads/pics/2015-06/557a53749a5f6.jpg" alt="" /><img src="/Public/uploads/pics/2015-06/557a5374ba274.jpg" alt="" /><img src="/Public/uploads/pics/2015-06/557a5374d7f20.jpg" alt="" /><img src="/Public/uploads/pics/2015-06/557a537501bc2.jpg" alt="" /><img src="/Public/uploads/pics/2015-06/557a53750b878.jpg" alt="" /><img src="/Public/uploads/pics/2015-06/557a5375274f8.jpg" alt="" /><img src="/Public/uploads/pics/2015-06/557a53754980f.jpg" alt="" /><img src="/Public/uploads/pics/2015-06/557a537562942.jpg" alt="" /><img src="/Public/uploads/pics/2015-06/557a5375812dd.jpg" alt="" /><img src="/Public/uploads/pics/2015-06/557a537595c11.jpg" alt="" /><img src="/Public/uploads/pics/2015-06/557a5375b8358.jpg" alt="" /><img src="/Public/uploads/pics/2015-06/557a5375d8477.jpg" alt="" />', '1', 0, 0, '', 100, '', '', '', '', ''),
(20, 20, 'DR6002003', '/Public/uploads/pics/2015-06/557a53e46a9d0.png', '', '<img src="/Public/uploads/pics/2015-06/557a53f7bcf04.jpg" alt="" /><img src="/Public/uploads/pics/2015-06/557a53f7d5b46.jpg" alt="" /><img src="/Public/uploads/pics/2015-06/557a53f7e6eca.jpg" alt="" /><img src="/Public/uploads/pics/2015-06/557a53f7f1dae.jpg" alt="" /><img src="/Public/uploads/pics/2015-06/557a53f8141fd.jpg" alt="" /><img src="/Public/uploads/pics/2015-06/557a53f83be1c.jpg" alt="" /><img src="/Public/uploads/pics/2015-06/557a53f865b92.jpg" alt="" /><img src="/Public/uploads/pics/2015-06/557a53f88f1c3.jpg" alt="" /><img src="/Public/uploads/pics/2015-06/557a53f8b48e0.jpg" alt="" /><img src="/Public/uploads/pics/2015-06/557a53f8d4c3c.jpg" alt="" /><img src="/Public/uploads/pics/2015-06/557a53f8e9be1.jpg" alt="" /><img src="/Public/uploads/pics/2015-06/557a53f91948d.jpg" alt="" /><img src="/Public/uploads/pics/2015-06/557a53f941d90.jpg" alt="" /><img src="/Public/uploads/pics/2015-06/557a53f959cfb.jpg" alt="" /><img src="/Public/uploads/pics/2015-06/557a53f981934.jpg" alt="" />', '1', 0, 0, '', 100, '', '', '', '', ''),
(21, 21, 'DR6002006', '/Public/uploads/pics/2015-06/557a541748a39.png', '', '<img src="/Public/uploads/pics/2015-06/557a54259f423.jpg" alt="" /><img src="/Public/uploads/pics/2015-06/557a5425c9ea8.jpg" alt="" /><img src="/Public/uploads/pics/2015-06/557a5425d9f72.jpg" alt="" /><img src="/Public/uploads/pics/2015-06/557a5425e8dbf.jpg" alt="" /><img src="/Public/uploads/pics/2015-06/557a5426032f6.jpg" alt="" /><img src="/Public/uploads/pics/2015-06/557a5426164e8.jpg" alt="" /><img src="/Public/uploads/pics/2015-06/557a542621d0e.jpg" alt="" /><img src="/Public/uploads/pics/2015-06/557a54263ed22.jpg" alt="" /><img src="/Public/uploads/pics/2015-06/557a5426616fa.jpg" alt="" /><img src="/Public/uploads/pics/2015-06/557a54268516b.jpg" alt="" /><img src="/Public/uploads/pics/2015-06/557a5426a284b.jpg" alt="" /><img src="/Public/uploads/pics/2015-06/557a5426cc2eb.jpg" alt="" /><img src="/Public/uploads/pics/2015-06/557a5426eeccc.jpg" alt="" /><img src="/Public/uploads/pics/2015-06/557a54271cccf.jpg" alt="" /><img src="/Public/uploads/pics/2015-06/557a54273316f.jpg" alt="" />', '1', 0, 0, '', 100, '', '', '', '', ''),
(22, 22, 'DR6002007', '/Public/uploads/pics/2015-06/557a54431df8b.png', '', '<img src="/Public/uploads/pics/2015-06/557a545529bec.jpg" alt="" /><img src="/Public/uploads/pics/2015-06/557a54555c370.jpg" alt="" /><img src="/Public/uploads/pics/2015-06/557a54557a298.jpg" alt="" /><img src="/Public/uploads/pics/2015-06/557a5455968a3.jpg" alt="" /><img src="/Public/uploads/pics/2015-06/557a5455bc1f9.jpg" alt="" /><img src="/Public/uploads/pics/2015-06/557a5455dc02b.jpg" alt="" /><img src="/Public/uploads/pics/2015-06/557a545604e9c.jpg" alt="" /><img src="/Public/uploads/pics/2015-06/557a545622692.jpg" alt="" /><img src="/Public/uploads/pics/2015-06/557a5456335a0.jpg" alt="" /><img src="/Public/uploads/pics/2015-06/557a545641713.jpg" alt="" /><img src="/Public/uploads/pics/2015-06/557a545651c4c.jpg" alt="" /><img src="/Public/uploads/pics/2015-06/557a54565f4dd.jpg" alt="" /><img src="/Public/uploads/pics/2015-06/557a54567258f.jpg" alt="" /><img src="/Public/uploads/pics/2015-06/557a5456814b9.jpg" alt="" /><img src="/Public/uploads/pics/2015-06/557a54569092c.jpg" alt="" />', '1', 1, 0, '', 100, 'a:1:{i:0;s:9:"127.0.0.1";}', '', '', '', ''),
(23, 23, 'DR6002106', '/Public/uploads/pics/2015-06/557a54aa2c925.png', '', '<img src="/Public/uploads/pics/2015-06/557a54bc9ce81.jpg" alt="" /><img src="/Public/uploads/pics/2015-06/557a54bcc1146.jpg" alt="" /><img src="/Public/uploads/pics/2015-06/557a54bcd43b1.jpg" alt="" /><img src="/Public/uploads/pics/2015-06/557a54bce2357.jpg" alt="" /><img src="/Public/uploads/pics/2015-06/557a54bcf2f91.jpg" alt="" /><img src="/Public/uploads/pics/2015-06/557a54bd11d73.jpg" alt="" /><img src="/Public/uploads/pics/2015-06/557a54bd1e79b.jpg" alt="" /><img src="/Public/uploads/pics/2015-06/557a54bd38308.jpg" alt="" /><img src="/Public/uploads/pics/2015-06/557a54bd53216.jpg" alt="" /><img src="/Public/uploads/pics/2015-06/557a54bd69c3b.jpg" alt="" /><img src="/Public/uploads/pics/2015-06/557a54bd8fa69.jpg" alt="" /><img src="/Public/uploads/pics/2015-06/557a54bdae271.jpg" alt="" /><img src="/Public/uploads/pics/2015-06/557a54bdca8cc.jpg" alt="" /><img src="/Public/uploads/pics/2015-06/557a54bdf07ef.jpg" alt="" /><img src="/Public/uploads/pics/2015-06/557a54be0dc1b.jpg" alt="" />', '1', 0, 0, '', 100, '', '', '', '', ''),
(24, 24, 'DR9401601', '/Public/uploads/pics/2015-06/557a54e9dc6e3.png', '', '<img src="/Public/uploads/pics/2015-06/557a54fadf57c.jpg" alt="" /><img src="/Public/uploads/pics/2015-06/557a54fb09828.jpg" alt="" /><img src="/Public/uploads/pics/2015-06/557a54fb1fb94.jpg" alt="" /><img src="/Public/uploads/pics/2015-06/557a54fb43acc.jpg" alt="" /><img src="/Public/uploads/pics/2015-06/557a54fb5d2a5.jpg" alt="" /><img src="/Public/uploads/pics/2015-06/557a54fb7fc27.jpg" alt="" /><img src="/Public/uploads/pics/2015-06/557a54fb9e8c2.jpg" alt="" /><img src="/Public/uploads/pics/2015-06/557a54fbc7957.jpg" alt="" /><img src="/Public/uploads/pics/2015-06/557a54fbe5b6d.jpg" alt="" /><img src="/Public/uploads/pics/2015-06/557a54fc14fd6.jpg" alt="" /><img src="/Public/uploads/pics/2015-06/557a54fc2f3b5.jpg" alt="" /><img src="/Public/uploads/pics/2015-06/557a54fc4f9be.jpg" alt="" /><img src="/Public/uploads/pics/2015-06/557a54fc6f62a.jpg" alt="" /><img src="/Public/uploads/pics/2015-06/557a54fc9184f.jpg" alt="" /><img src="/Public/uploads/pics/2015-06/557a54fcadb64.jpg" alt="" />', '1', 0, 0, '', 100, '', '', '', '', ''),
(25, 25, 'DR9401602', '/Public/uploads/pics/2015-06/557a551e2c7ef.png', '', '<img src="/Public/uploads/pics/2015-06/557a553339a62.jpg" alt="" /><img src="/Public/uploads/pics/2015-06/557a55335d5f6.jpg" alt="" /><img src="/Public/uploads/pics/2015-06/557a55337228b.jpg" alt="" /><img src="/Public/uploads/pics/2015-06/557a553397ddb.jpg" alt="" /><img src="/Public/uploads/pics/2015-06/557a5533b5641.jpg" alt="" /><img src="/Public/uploads/pics/2015-06/557a5533d9aff.jpg" alt="" /><img src="/Public/uploads/pics/2015-06/557a553406b81.jpg" alt="" /><img src="/Public/uploads/pics/2015-06/557a55342512b.jpg" alt="" /><img src="/Public/uploads/pics/2015-06/557a553442f98.jpg" alt="" /><img src="/Public/uploads/pics/2015-06/557a55346790d.jpg" alt="" /><img src="/Public/uploads/pics/2015-06/557a553487156.jpg" alt="" /><img src="/Public/uploads/pics/2015-06/557a5534a97d2.jpg" alt="" /><img src="/Public/uploads/pics/2015-06/557a5534c52b8.jpg" alt="" /><img src="/Public/uploads/pics/2015-06/557a5534e7706.jpg" alt="" />', '1', 0, 0, '', 100, '', '', '', '', ''),
(26, 26, 'DR9401603', '/Public/uploads/pics/2015-06/557a554f1549e.png', '', '<img src="/Public/uploads/pics/2015-06/557a555c23907.jpg" alt="" /><img src="/Public/uploads/pics/2015-06/557a555c44786.jpg" alt="" /><img src="/Public/uploads/pics/2015-06/557a555c5a2c0.jpg" alt="" /><img src="/Public/uploads/pics/2015-06/557a555c69311.jpg" alt="" /><img src="/Public/uploads/pics/2015-06/557a555c78102.jpg" alt="" /><img src="/Public/uploads/pics/2015-06/557a555c87be2.jpg" alt="" /><img src="/Public/uploads/pics/2015-06/557a555c9e5ac.jpg" alt="" /><img src="/Public/uploads/pics/2015-06/557a555cc460c.jpg" alt="" /><img src="/Public/uploads/pics/2015-06/557a555ce73fe.jpg" alt="" /><img src="/Public/uploads/pics/2015-06/557a555d0df3b.jpg" alt="" /><img src="/Public/uploads/pics/2015-06/557a555d361f8.jpg" alt="" /><img src="/Public/uploads/pics/2015-06/557a555d535f9.jpg" alt="" /><img src="/Public/uploads/pics/2015-06/557a555d70f00.jpg" alt="" /><img src="/Public/uploads/pics/2015-06/557a555d96250.jpg" alt="" />', '1', 0, 0, '', 100, '', '', '', '', ''),
(28, 28, '1SR601272', '/Public/uploads/pics/2015-06/557a58b3a29f8.png', '', '<img src="/Public/uploads/pics/2015-06/557a58c1d947a.jpg" alt="" /><img src="/Public/uploads/pics/2015-06/557a58c2062dc.jpg" alt="" /><img src="/Public/uploads/pics/2015-06/557a58c21cdd3.jpg" alt="" /><img src="/Public/uploads/pics/2015-06/557a58c228623.jpg" alt="" /><img src="/Public/uploads/pics/2015-06/557a58c23b9f6.jpg" alt="" /><img src="/Public/uploads/pics/2015-06/557a58c24eee6.jpg" alt="" /><img src="/Public/uploads/pics/2015-06/557a58c25bbad.jpg" alt="" /><img src="/Public/uploads/pics/2015-06/557a58c272521.jpg" alt="" /><img src="/Public/uploads/pics/2015-06/557a58c295351.jpg" alt="" /><img src="/Public/uploads/pics/2015-06/557a58c2b39d0.jpg" alt="" /><img src="/Public/uploads/pics/2015-06/557a58c2d56ef.jpg" alt="" /><img src="/Public/uploads/pics/2015-06/557a58c304c86.jpg" alt="" /><img src="/Public/uploads/pics/2015-06/557a58c322001.jpg" alt="" /><img src="/Public/uploads/pics/2015-06/557a58c348ac5.jpg" alt="" />', '1', 1, 0, '', 102, 'a:1:{i:0;s:9:"127.0.0.1";}', '', '', '', ''),
(29, 29, '1SR601275S', '/Public/uploads/pics/2015-06/557a58f69bd5a.png', '', '<img src="/Public/uploads/pics/2015-06/557a5905d39a2.jpg" alt="" /><img src="/Public/uploads/pics/2015-06/557a590600856.jpg" alt="" /><img src="/Public/uploads/pics/2015-06/557a590614eb1.jpg" alt="" /><img src="/Public/uploads/pics/2015-06/557a59063d15f.jpg" alt="" /><img src="/Public/uploads/pics/2015-06/557a59065abc2.jpg" alt="" /><img src="/Public/uploads/pics/2015-06/557a5906825bb.jpg" alt="" /><img src="/Public/uploads/pics/2015-06/557a59069d924.jpg" alt="" /><img src="/Public/uploads/pics/2015-06/557a5906bd1cb.jpg" alt="" /><img src="/Public/uploads/pics/2015-06/557a5906d9aaa.jpg" alt="" /><img src="/Public/uploads/pics/2015-06/557a5906e8fae.jpg" alt="" /><img src="/Public/uploads/pics/2015-06/557a5907099aa.jpg" alt="" /><img src="/Public/uploads/pics/2015-06/557a590723830.jpg" alt="" /><img src="/Public/uploads/pics/2015-06/557a59073517f.jpg" alt="" /><img src="/Public/uploads/pics/2015-06/557a59074259d.jpg" alt="" />', '1', 1, 0, '', 102, 'a:1:{i:0;s:9:"127.0.0.1";}', '', '', '', ''),
(30, 30, '2SR601273', '/Public/uploads/pics/2015-06/557a71961b016.png', '', '<img src="/Public/uploads/pics/2015-06/557a71a980896.jpg" alt="" /><img src="/Public/uploads/pics/2015-06/557a71a9b2096.jpg" alt="" /><img src="/Public/uploads/pics/2015-06/557a71a9cff9e.jpg" alt="" /><img src="/Public/uploads/pics/2015-06/557a71a9ee714.jpg" alt="" /><img src="/Public/uploads/pics/2015-06/557a71aa0df4a.jpg" alt="" /><img src="/Public/uploads/pics/2015-06/557a71aa20bdc.jpg" alt="" /><img src="/Public/uploads/pics/2015-06/557a71aa2e3f9.jpg" alt="" /><img src="/Public/uploads/pics/2015-06/557a71aa45cee.jpg" alt="" /><img src="/Public/uploads/pics/2015-06/557a71aa64348.jpg" alt="" /><img src="/Public/uploads/pics/2015-06/557a71aa6f3e7.jpg" alt="" /><img src="/Public/uploads/pics/2015-06/557a71aa81a32.jpg" alt="" /><img src="/Public/uploads/pics/2015-06/557a71aa97a93.jpg" alt="" /><img src="/Public/uploads/pics/2015-06/557a71aac6fb5.jpg" alt="" /><img src="/Public/uploads/pics/2015-06/557a71ab14c39.jpg" alt="" />', '1', 1, 0, '', 102, 'a:1:{i:0;s:9:"127.0.0.1";}', '', '', '', ''),
(31, 31, '2SR601274', '/Public/uploads/pics/2015-06/557a72106d38c.png', '', '<img src="/Public/uploads/pics/2015-06/557a72254e731.jpg" alt="" /><img src="/Public/uploads/pics/2015-06/557a72256f5f7.jpg" alt="" /><img src="/Public/uploads/pics/2015-06/557a722581a4d.jpg" alt="" /><img src="/Public/uploads/pics/2015-06/557a722592569.jpg" alt="" /><img src="/Public/uploads/pics/2015-06/557a7225b483e.jpg" alt="" /><img src="/Public/uploads/pics/2015-06/557a7225dec8b.jpg" alt="" /><img src="/Public/uploads/pics/2015-06/557a7226095db.jpg" alt="" /><img src="/Public/uploads/pics/2015-06/557a722627b50.jpg" alt="" /><img src="/Public/uploads/pics/2015-06/557a72264b2c3.jpg" alt="" /><img src="/Public/uploads/pics/2015-06/557a722669538.jpg" alt="" /><img src="/Public/uploads/pics/2015-06/557a72268c4e4.jpg" alt="" /><img src="/Public/uploads/pics/2015-06/557a7226ab707.jpg" alt="" /><img src="/Public/uploads/pics/2015-06/557a7226c7b0d.jpg" alt="" /><img src="/Public/uploads/pics/2015-06/557a7226e8b84.jpg" alt="" />', '1', 1, 0, '', 102, 'a:1:{i:0;s:9:"127.0.0.1";}', '', '', '', ''),
(32, 32, 'DR3600901', '/Public/uploads/pics/2015-06/557a7248beb5e.png', '', '<img src="/Public/uploads/pics/2015-06/557a725bd8625.jpg" alt="" /><img src="/Public/uploads/pics/2015-06/557a725c03252.jpg" alt="" /><img src="/Public/uploads/pics/2015-06/557a725c1da4d.jpg" alt="" /><img src="/Public/uploads/pics/2015-06/557a725c3daa6.jpg" alt="" /><img src="/Public/uploads/pics/2015-06/557a725c4c8bd.jpg" alt="" /><img src="/Public/uploads/pics/2015-06/557a725c659fd.jpg" alt="" /><img src="/Public/uploads/pics/2015-06/557a725c854d7.jpg" alt="" /><img src="/Public/uploads/pics/2015-06/557a725ca40b2.jpg" alt="" /><img src="/Public/uploads/pics/2015-06/557a725cd624f.jpg" alt="" /><img src="/Public/uploads/pics/2015-06/557a725d02bac.jpg" alt="" /><img src="/Public/uploads/pics/2015-06/557a725d23310.jpg" alt="" /><img src="/Public/uploads/pics/2015-06/557a725d41996.jpg" alt="" /><img src="/Public/uploads/pics/2015-06/557a725d64bc5.jpg" alt="" /><img src="/Public/uploads/pics/2015-06/557a725d7ddb8.jpg" alt="" /><img src="/Public/uploads/pics/2015-06/557a725d92c32.jpg" alt="" /><img src="/Public/uploads/pics/2015-06/557a725dbb07d.jpg" alt="" />', '1', 0, 0, '', 102, '', '', '', '', ''),
(33, 33, 'DR3600902', '/Public/uploads/pics/2015-06/557a72821b936.png', '', '<img src="/Public/uploads/pics/2015-06/557a729840ac0.jpg" alt="" /><img src="/Public/uploads/pics/2015-06/557a72985eb02.jpg" alt="" /><img src="/Public/uploads/pics/2015-06/557a729880efa.jpg" alt="" /><img src="/Public/uploads/pics/2015-06/557a72989c746.jpg" alt="" /><img src="/Public/uploads/pics/2015-06/557a7298c076a.jpg" alt="" /><img src="/Public/uploads/pics/2015-06/557a7298e1745.jpg" alt="" /><img src="/Public/uploads/pics/2015-06/557a72990d4d9.jpg" alt="" /><img src="/Public/uploads/pics/2015-06/557a729930bc7.jpg" alt="" /><img src="/Public/uploads/pics/2015-06/557a7299482e9.jpg" alt="" /><img src="/Public/uploads/pics/2015-06/557a729956965.jpg" alt="" /><img src="/Public/uploads/pics/2015-06/557a729965acc.jpg" alt="" /><img src="/Public/uploads/pics/2015-06/557a729974e24.jpg" alt="" /><img src="/Public/uploads/pics/2015-06/557a729986136.jpg" alt="" /><img src="/Public/uploads/pics/2015-06/557a72999cd03.jpg" alt="" />', '1', 0, 0, '', 102, '', '', '', '', ''),
(34, 34, 'DR3600903', '/Public/uploads/pics/2015-06/557a72d8d3ab1.png', '', '<img src="/Public/uploads/pics/2015-06/557a72e8b3afc.jpg" alt="" /><img src="/Public/uploads/pics/2015-06/557a72e8d3235.jpg" alt="" /><img src="/Public/uploads/pics/2015-06/557a72e900347.jpg" alt="" /><img src="/Public/uploads/pics/2015-06/557a72e9207a1.jpg" alt="" /><img src="/Public/uploads/pics/2015-06/557a72e94346b.jpg" alt="" /><img src="/Public/uploads/pics/2015-06/557a72e966079.jpg" alt="" /><img src="/Public/uploads/pics/2015-06/557a72e97e8e6.jpg" alt="" /><img src="/Public/uploads/pics/2015-06/557a72e9a0029.jpg" alt="" /><img src="/Public/uploads/pics/2015-06/557a72e9c2822.jpg" alt="" /><img src="/Public/uploads/pics/2015-06/557a72e9eba91.jpg" alt="" /><img src="/Public/uploads/pics/2015-06/557a72ea0fe52.jpg" alt="" /><img src="/Public/uploads/pics/2015-06/557a72ea2de16.jpg" alt="" /><img src="/Public/uploads/pics/2015-06/557a72ea52e91.jpg" alt="" /><img src="/Public/uploads/pics/2015-06/557a72ea798a5.jpg" alt="" />', '1', 1, 0, '', 102, 'a:1:{i:0;s:9:"127.0.0.1";}', '', '', '', ''),
(35, 35, 'DR6001501', '/Public/uploads/pics/2015-06/557a73314b75a.png', '', '<img src="/Public/uploads/pics/2015-06/557a7349228af.jpg" alt="" /><img src="/Public/uploads/pics/2015-06/557a73494ddbd.jpg" alt="" /><img src="/Public/uploads/pics/2015-06/557a734961c4a.jpg" alt="" /><img src="/Public/uploads/pics/2015-06/557a734983600.jpg" alt="" /><img src="/Public/uploads/pics/2015-06/557a7349ab52d.jpg" alt="" /><img src="/Public/uploads/pics/2015-06/557a7349cc3db.jpg" alt="" /><img src="/Public/uploads/pics/2015-06/557a7349ebeb6.jpg" alt="" /><img src="/Public/uploads/pics/2015-06/557a734a11b92.jpg" alt="" /><img src="/Public/uploads/pics/2015-06/557a734a350a2.jpg" alt="" /><img src="/Public/uploads/pics/2015-06/557a734a5d684.jpg" alt="" /><img src="/Public/uploads/pics/2015-06/557a734a7b21a.jpg" alt="" /><img src="/Public/uploads/pics/2015-06/557a734a8c07b.jpg" alt="" /><img src="/Public/uploads/pics/2015-06/557a734aa509a.jpg" alt="" /><img src="/Public/uploads/pics/2015-06/557a734aca8e7.jpg" alt="" />', '1', 0, 0, '', 102, '', '', '', '', ''),
(36, 36, 'DR6001502', '/Public/uploads/pics/2015-06/557a736790707.png', '', '<img src="/Public/uploads/pics/2015-06/557a7378c3aba.jpg" alt="" /><img src="/Public/uploads/pics/2015-06/557a7378e7297.jpg" alt="" /><img src="/Public/uploads/pics/2015-06/557a737907982.jpg" alt="" /><img src="/Public/uploads/pics/2015-06/557a737915a32.jpg" alt="" /><img src="/Public/uploads/pics/2015-06/557a737934ca9.jpg" alt="" /><img src="/Public/uploads/pics/2015-06/557a73794dcee.jpg" alt="" /><img src="/Public/uploads/pics/2015-06/557a7379755a8.jpg" alt="" /><img src="/Public/uploads/pics/2015-06/557a737993917.jpg" alt="" /><img src="/Public/uploads/pics/2015-06/557a7379b19f0.jpg" alt="" /><img src="/Public/uploads/pics/2015-06/557a7379cfe46.jpg" alt="" /><img src="/Public/uploads/pics/2015-06/557a7379f0256.jpg" alt="" /><img src="/Public/uploads/pics/2015-06/557a737a1df44.jpg" alt="" /><img src="/Public/uploads/pics/2015-06/557a737a42473.jpg" alt="" /><img src="/Public/uploads/pics/2015-06/557a737a73e60.jpg" alt="" />', '1', 0, 0, '', 102, '', '', '', '', ''),
(37, 37, 'DR6001503', '/Public/uploads/pics/2015-06/557a73ab8a97d.png', '', '<img src="/Public/uploads/pics/2015-06/557a73bc3adb6.jpg" alt="" /><img src="/Public/uploads/pics/2015-06/557a73bc5eceb.jpg" alt="" /><img src="/Public/uploads/pics/2015-06/557a73bc7966a.jpg" alt="" /><img src="/Public/uploads/pics/2015-06/557a73bc88ad6.jpg" alt="" /><img src="/Public/uploads/pics/2015-06/557a73bc9ab23.jpg" alt="" /><img src="/Public/uploads/pics/2015-06/557a73bcba17f.jpg" alt="" /><img src="/Public/uploads/pics/2015-06/557a73bcc92ea.jpg" alt="" /><img src="/Public/uploads/pics/2015-06/557a73bce7ec3.jpg" alt="" /><img src="/Public/uploads/pics/2015-06/557a73bd04a27.jpg" alt="" /><img src="/Public/uploads/pics/2015-06/557a73bd1fcfb.jpg" alt="" /><img src="/Public/uploads/pics/2015-06/557a73bd43da2.jpg" alt="" /><img src="/Public/uploads/pics/2015-06/557a73bd61bb3.jpg" alt="" /><img src="/Public/uploads/pics/2015-06/557a73bd7e941.jpg" alt="" /><img src="/Public/uploads/pics/2015-06/557a73bd9e627.jpg" alt="" /><img src="/Public/uploads/pics/2015-06/557a73bdc9852.jpg" alt="" />', '1', 0, 0, '', 102, '', '', '', '', ''),
(38, 38, 'DR6001504', '/Public/uploads/pics/2015-06/557a73ec83bbc.png', '', '<img src="/Public/uploads/pics/2015-06/557a7400d154b.jpg" alt="" /><img src="/Public/uploads/pics/2015-06/557a74010d651.jpg" alt="" /><img src="/Public/uploads/pics/2015-06/557a74013464b.jpg" alt="" /><img src="/Public/uploads/pics/2015-06/557a74014b354.jpg" alt="" /><img src="/Public/uploads/pics/2015-06/557a74015a472.jpg" alt="" /><img src="/Public/uploads/pics/2015-06/557a740174a2d.jpg" alt="" /><img src="/Public/uploads/pics/2015-06/557a740193072.jpg" alt="" /><img src="/Public/uploads/pics/2015-06/557a7401b19c0.jpg" alt="" /><img src="/Public/uploads/pics/2015-06/557a7401d6213.jpg" alt="" /><img src="/Public/uploads/pics/2015-06/557a7401f3b68.jpg" alt="" /><img src="/Public/uploads/pics/2015-06/557a74021e3f5.jpg" alt="" /><img src="/Public/uploads/pics/2015-06/557a7402411a0.jpg" alt="" /><img src="/Public/uploads/pics/2015-06/557a740260805.jpg" alt="" /><img src="/Public/uploads/pics/2015-06/557a74027dc6a.jpg" alt="" />', '1', 0, 0, '', 102, '', '', '', '', ''),
(40, 40, '1-60157PS', '/Public/uploads/pics/2015-06/557a7492c1eba.png', '', '<img src="/Public/uploads/pics/2015-06/557a749fec602.jpg" alt="" /><img src="/Public/uploads/pics/2015-06/557a74a0230c8.jpg" alt="" /><img src="/Public/uploads/pics/2015-06/557a74a039a27.jpg" alt="" /><img src="/Public/uploads/pics/2015-06/557a74a05b6ae.jpg" alt="" /><img src="/Public/uploads/pics/2015-06/557a74a07a97c.jpg" alt="" /><img src="/Public/uploads/pics/2015-06/557a74a0a2b16.jpg" alt="" /><img src="/Public/uploads/pics/2015-06/557a74a0b8a79.jpg" alt="" /><img src="/Public/uploads/pics/2015-06/557a74a0dcd52.jpg" alt="" /><img src="/Public/uploads/pics/2015-06/557a74a10be78.jpg" alt="" /><img src="/Public/uploads/pics/2015-06/557a74a129b07.jpg" alt="" /><img src="/Public/uploads/pics/2015-06/557a74a14f71c.jpg" alt="" /><img src="/Public/uploads/pics/2015-06/557a74a168f92.jpg" alt="" /><img src="/Public/uploads/pics/2015-06/557a74a18f08c.jpg" alt="" /><img src="/Public/uploads/pics/2015-06/557a74a1ace55.jpg" alt="" /><img src="/Public/uploads/pics/2015-06/557a74a1cbc2f.jpg" alt="" />', '1', 1, 0, '', 103, 'a:1:{i:0;s:9:"127.0.0.1";}', '', '', '', ''),
(41, 41, '1-60158PS', '/Public/uploads/pics/2015-06/557a74b9d421d.png', '', '<img src="/Public/uploads/pics/2015-06/557a74c3a3706.jpg" alt="" /><img src="/Public/uploads/pics/2015-06/557a74c3cefbe.jpg" alt="" /><img src="/Public/uploads/pics/2015-06/557a74c3ddd33.jpg" alt="" /><img src="/Public/uploads/pics/2015-06/557a74c3ecc58.jpg" alt="" /><img src="/Public/uploads/pics/2015-06/557a74c410a25.jpg" alt="" /><img src="/Public/uploads/pics/2015-06/557a74c42d810.jpg" alt="" /><img src="/Public/uploads/pics/2015-06/557a74c4579b5.jpg" alt="" /><img src="/Public/uploads/pics/2015-06/557a74c47289c.jpg" alt="" /><img src="/Public/uploads/pics/2015-06/557a74c493822.jpg" alt="" /><img src="/Public/uploads/pics/2015-06/557a74c4b5a25.jpg" alt="" /><img src="/Public/uploads/pics/2015-06/557a74c4d17c4.jpg" alt="" /><img src="/Public/uploads/pics/2015-06/557a74c5047d0.jpg" alt="" /><img src="/Public/uploads/pics/2015-06/557a74c521a07.jpg" alt="" /><img src="/Public/uploads/pics/2015-06/557a74c5521d8.jpg" alt="" />', '1', 1, 0, '', 103, 'a:1:{i:0;s:9:"127.0.0.1";}', '', '', '', ''),
(42, 42, '1-60159PS', '/Public/uploads/pics/2015-06/557a74e57c08e.png', '', '<img src="/Public/uploads/pics/2015-06/557a74feb9b5f.jpg" alt="" /><img src="/Public/uploads/pics/2015-06/557a74fedf242.jpg" alt="" /><img src="/Public/uploads/pics/2015-06/557a74fef3f10.jpg" alt="" /><img src="/Public/uploads/pics/2015-06/557a74ff0f81d.jpg" alt="" /><img src="/Public/uploads/pics/2015-06/557a74ff1c7dd.jpg" alt="" /><img src="/Public/uploads/pics/2015-06/557a74ff3201e.jpg" alt="" /><img src="/Public/uploads/pics/2015-06/557a74ff3d867.jpg" alt="" /><img src="/Public/uploads/pics/2015-06/557a74ff5a181.jpg" alt="" /><img src="/Public/uploads/pics/2015-06/557a74ff7615b.jpg" alt="" /><img src="/Public/uploads/pics/2015-06/557a74ff96711.jpg" alt="" /><img src="/Public/uploads/pics/2015-06/557a74ffb6ebc.jpg" alt="" /><img src="/Public/uploads/pics/2015-06/557a74ffd6a73.jpg" alt="" /><img src="/Public/uploads/pics/2015-06/557a75000d3a0.jpg" alt="" />', '1', 0, 0, '', 103, '', '', '', '', ''),
(43, 43, '1-60160PS', '/Public/uploads/pics/2015-06/557a75206f8b1.png', '', '<img src="/Public/uploads/pics/2015-06/557a752bc957d.jpg" alt="" /><img src="/Public/uploads/pics/2015-06/557a752beabdf.jpg" alt="" /><img src="/Public/uploads/pics/2015-06/557a752c0d433.jpg" alt="" /><img src="/Public/uploads/pics/2015-06/557a752c31230.jpg" alt="" /><img src="/Public/uploads/pics/2015-06/557a752c51f6a.jpg" alt="" /><img src="/Public/uploads/pics/2015-06/557a752c73036.jpg" alt="" /><img src="/Public/uploads/pics/2015-06/557a752c9735c.jpg" alt="" /><img src="/Public/uploads/pics/2015-06/557a752cb4696.jpg" alt="" /><img src="/Public/uploads/pics/2015-06/557a752cd4e73.jpg" alt="" /><img src="/Public/uploads/pics/2015-06/557a752d01a4a.jpg" alt="" /><img src="/Public/uploads/pics/2015-06/557a752d219ba.jpg" alt="" /><img src="/Public/uploads/pics/2015-06/557a752d40773.jpg" alt="" /><img src="/Public/uploads/pics/2015-06/557a752d60af0.jpg" alt="" /><img src="/Public/uploads/pics/2015-06/557a752d8aa41.jpg" alt="" />', '1', 0, 0, '', 103, '', '', '', '', ''),
(44, 44, '1-60161PS', '/Public/uploads/pics/2015-06/557a7549a856e.png', '', '<img src="/Public/uploads/pics/2015-06/557a7557b6b3b.jpg" alt="" /><img src="/Public/uploads/pics/2015-06/557a7557db86c.jpg" alt="" /><img src="/Public/uploads/pics/2015-06/557a75580af8b.jpg" alt="" /><img src="/Public/uploads/pics/2015-06/557a7558300bd.jpg" alt="" /><img src="/Public/uploads/pics/2015-06/557a75584e3e6.jpg" alt="" /><img src="/Public/uploads/pics/2015-06/557a75586baf1.jpg" alt="" /><img src="/Public/uploads/pics/2015-06/557a75588be3d.jpg" alt="" /><img src="/Public/uploads/pics/2015-06/557a7558acb74.jpg" alt="" /><img src="/Public/uploads/pics/2015-06/557a7558d3808.jpg" alt="" /><img src="/Public/uploads/pics/2015-06/557a7558e8ec6.jpg" alt="" /><img src="/Public/uploads/pics/2015-06/557a75590465f.jpg" alt="" /><img src="/Public/uploads/pics/2015-06/557a755915cc1.jpg" alt="" /><img src="/Public/uploads/pics/2015-06/557a755923cb5.jpg" alt="" /><img src="/Public/uploads/pics/2015-06/557a755939c0c.jpg" alt="" /><img src="/Public/uploads/pics/2015-06/557a75596322d.jpg" alt="" />', '1', 0, 0, '', 103, '', '', '', '', ''),
(45, 45, '1-60162PS', '/Public/uploads/pics/2015-06/557a75829d3d4.png', '', '<img src="/Public/uploads/pics/2015-06/557a7593ea724.jpg" alt="" /><img src="/Public/uploads/pics/2015-06/557a75941ab41.jpg" alt="" /><img src="/Public/uploads/pics/2015-06/557a75942d5ad.jpg" alt="" /><img src="/Public/uploads/pics/2015-06/557a759441b76.jpg" alt="" /><img src="/Public/uploads/pics/2015-06/557a759464d2c.jpg" alt="" /><img src="/Public/uploads/pics/2015-06/557a75948f95f.jpg" alt="" /><img src="/Public/uploads/pics/2015-06/557a7594a8b51.jpg" alt="" /><img src="/Public/uploads/pics/2015-06/557a7594c7824.jpg" alt="" /><img src="/Public/uploads/pics/2015-06/557a7594eb473.jpg" alt="" /><img src="/Public/uploads/pics/2015-06/557a7595160d5.jpg" alt="" /><img src="/Public/uploads/pics/2015-06/557a759537153.jpg" alt="" /><img src="/Public/uploads/pics/2015-06/557a75955294d.jpg" alt="" /><img src="/Public/uploads/pics/2015-06/557a759573838.jpg" alt="" /><img src="/Public/uploads/pics/2015-06/557a75959792c.jpg" alt="" />', '1', 0, 0, '', 103, '', '', '', '', ''),
(46, 46, '1-60187PS', '/Public/uploads/pics/2015-06/557a75b7309b6.png', '', '<img src="/Public/uploads/pics/2015-06/557a75c85c493.jpg" alt="" /><img src="/Public/uploads/pics/2015-06/557a75c86c1ad.jpg" alt="" /><img src="/Public/uploads/pics/2015-06/557a75c88b9ff.jpg" alt="" /><img src="/Public/uploads/pics/2015-06/557a75c8b2984.jpg" alt="" /><img src="/Public/uploads/pics/2015-06/557a75c8d234f.jpg" alt="" /><img src="/Public/uploads/pics/2015-06/557a75c8f2531.jpg" alt="" /><img src="/Public/uploads/pics/2015-06/557a75c91ca03.jpg" alt="" /><img src="/Public/uploads/pics/2015-06/557a75c9411a1.jpg" alt="" /><img src="/Public/uploads/pics/2015-06/557a75c955f2b.jpg" alt="" /><img src="/Public/uploads/pics/2015-06/557a75c9669ae.jpg" alt="" /><img src="/Public/uploads/pics/2015-06/557a75c973cc9.jpg" alt="" /><img src="/Public/uploads/pics/2015-06/557a75c9863f0.jpg" alt="" /><img src="/Public/uploads/pics/2015-06/557a75c995bd2.jpg" alt="" /><img src="/Public/uploads/pics/2015-06/557a75c9a6126.jpg" alt="" /><img src="/Public/uploads/pics/2015-06/557a75c9baeef.jpg" alt="" />', '1', 0, 0, '', 103, '', '', '', '', ''),
(47, 47, '1-60211P', '/Public/uploads/pics/2015-06/557a75e94545c.png', '', '<img src="/Public/uploads/pics/2015-06/557a75fc1caf3.jpg" alt="" /><img src="/Public/uploads/pics/2015-06/557a75fc3e82f.jpg" alt="" /><img src="/Public/uploads/pics/2015-06/557a75fc660e5.jpg" alt="" /><img src="/Public/uploads/pics/2015-06/557a75fc80ab1.jpg" alt="" /><img src="/Public/uploads/pics/2015-06/557a75fca36f4.jpg" alt="" /><img src="/Public/uploads/pics/2015-06/557a75fcc6dca.jpg" alt="" /><img src="/Public/uploads/pics/2015-06/557a75fceadff.jpg" alt="" /><img src="/Public/uploads/pics/2015-06/557a75fd14301.jpg" alt="" /><img src="/Public/uploads/pics/2015-06/557a75fd36854.jpg" alt="" /><img src="/Public/uploads/pics/2015-06/557a75fd557ea.jpg" alt="" /><img src="/Public/uploads/pics/2015-06/557a75fd70506.jpg" alt="" /><img src="/Public/uploads/pics/2015-06/557a75fd92cf1.jpg" alt="" /><img src="/Public/uploads/pics/2015-06/557a75fdb57e1.jpg" alt="" /><img src="/Public/uploads/pics/2015-06/557a75fdce0ea.jpg" alt="" /><img src="/Public/uploads/pics/2015-06/557a75fde2b10.jpg" alt="" />', '1', 0, 0, '', 103, '', '', '', '', ''),
(48, 48, '2-60212P', '/Public/uploads/pics/2015-06/557a761905e1d.png', '', '<img src="/Public/uploads/pics/2015-06/557a7627c291b.jpg" alt="" /><img src="/Public/uploads/pics/2015-06/557a7627e7597.jpg" alt="" /><img src="/Public/uploads/pics/2015-06/557a762810343.jpg" alt="" /><img src="/Public/uploads/pics/2015-06/557a76282f635.jpg" alt="" /><img src="/Public/uploads/pics/2015-06/557a7628526eb.jpg" alt="" /><img src="/Public/uploads/pics/2015-06/557a762875366.jpg" alt="" /><img src="/Public/uploads/pics/2015-06/557a7628953e0.jpg" alt="" /><img src="/Public/uploads/pics/2015-06/557a7628b9046.jpg" alt="" /><img src="/Public/uploads/pics/2015-06/557a7628d1b75.jpg" alt="" /><img src="/Public/uploads/pics/2015-06/557a7628f3d98.jpg" alt="" /><img src="/Public/uploads/pics/2015-06/557a76291c200.jpg" alt="" /><img src="/Public/uploads/pics/2015-06/557a762942d6d.jpg" alt="" /><img src="/Public/uploads/pics/2015-06/557a762960c84.jpg" alt="" /><img src="/Public/uploads/pics/2015-06/557a7629813cf.jpg" alt="" /><img src="/Public/uploads/pics/2015-06/557a7629a87d5.jpg" alt="" />', '1', 1, 0, '', 103, 'a:1:{i:0;s:9:"127.0.0.1";}', '', '', '', ''),
(49, 49, '2-60213P', '/Public/uploads/pics/2015-06/557a76423d8f7.png', '', '<img src="/Public/uploads/pics/2015-06/557a764e378f2.jpg" alt="" /><img src="/Public/uploads/pics/2015-06/557a764e58195.jpg" alt="" /><img src="/Public/uploads/pics/2015-06/557a764e70c3b.jpg" alt="" /><img src="/Public/uploads/pics/2015-06/557a764e91905.jpg" alt="" /><img src="/Public/uploads/pics/2015-06/557a764eb1245.jpg" alt="" /><img src="/Public/uploads/pics/2015-06/557a764ed854e.jpg" alt="" /><img src="/Public/uploads/pics/2015-06/557a764f0a2e8.jpg" alt="" /><img src="/Public/uploads/pics/2015-06/557a764f25a84.jpg" alt="" /><img src="/Public/uploads/pics/2015-06/557a764f4b002.jpg" alt="" /><img src="/Public/uploads/pics/2015-06/557a764f622ef.jpg" alt="" /><img src="/Public/uploads/pics/2015-06/557a764f8b084.jpg" alt="" /><img src="/Public/uploads/pics/2015-06/557a764fa3857.jpg" alt="" /><img src="/Public/uploads/pics/2015-06/557a764fc7dd1.jpg" alt="" /><img src="/Public/uploads/pics/2015-06/557a764fe48f1.jpg" alt="" /><img src="/Public/uploads/pics/2015-06/557a765015f6e.jpg" alt="" />', '1', 0, 0, '', 103, '', '', '', '', ''),
(51, 50, 'DR1600601', '/Public/uploads/pics/2015-06/557a833a9bd53.png', '', '<img src="/Public/uploads/pics/2015-06/557a8348eb604.jpg" alt="" /><img src="/Public/uploads/pics/2015-06/557a83492de0c.jpg" alt="" /><img src="/Public/uploads/pics/2015-06/557a83495a99b.jpg" alt="" /><img src="/Public/uploads/pics/2015-06/557a83497db47.jpg" alt="" /><img src="/Public/uploads/pics/2015-06/557a8349a3415.jpg" alt="" /><img src="/Public/uploads/pics/2015-06/557a8349c6174.jpg" alt="" /><img src="/Public/uploads/pics/2015-06/557a8349e2930.jpg" alt="" /><img src="/Public/uploads/pics/2015-06/557a834a1285f.jpg" alt="" /><img src="/Public/uploads/pics/2015-06/557a834a2fb28.jpg" alt="" /><img src="/Public/uploads/pics/2015-06/557a834a4e4f4.jpg" alt="" /><img src="/Public/uploads/pics/2015-06/557a834a6e479.jpg" alt="" /><img src="/Public/uploads/pics/2015-06/557a834a93a5e.jpg" alt="" /><img src="/Public/uploads/pics/2015-06/557a834aaeeaa.jpg" alt="" /><img src="/Public/uploads/pics/2015-06/557a834ad911c.jpg" alt="" />', '1', 0, 0, '', 101, '', '', '', '', 'a:0:{}'),
(52, 52, 'DR1600602', '/Public/uploads/pics/2015-06/557a836f8f138.png', '', '<img src="/Public/uploads/pics/2015-06/557a837d53496.jpg" alt="" /><img src="/Public/uploads/pics/2015-06/557a837d718f9.jpg" alt="" /><img src="/Public/uploads/pics/2015-06/557a837d8c311.jpg" alt="" /><img src="/Public/uploads/pics/2015-06/557a837db34df.jpg" alt="" /><img src="/Public/uploads/pics/2015-06/557a837dd0d0b.jpg" alt="" /><img src="/Public/uploads/pics/2015-06/557a837e00b16.jpg" alt="" /><img src="/Public/uploads/pics/2015-06/557a837e1df8e.jpg" alt="" /><img src="/Public/uploads/pics/2015-06/557a837e448cc.jpg" alt="" /><img src="/Public/uploads/pics/2015-06/557a837e5a7f3.jpg" alt="" /><img src="/Public/uploads/pics/2015-06/557a837e646ac.jpg" alt="" /><img src="/Public/uploads/pics/2015-06/557a837e84209.jpg" alt="" /><img src="/Public/uploads/pics/2015-06/557a837ea11c9.jpg" alt="" /><img src="/Public/uploads/pics/2015-06/557a837ec16cc.jpg" alt="" /><img src="/Public/uploads/pics/2015-06/557a837eea143.jpg" alt="" />', '1', 0, 0, '', 101, '', '', '', '', 'a:0:{}'),
(53, 53, 'DR1600603', '/Public/uploads/pics/2015-06/557a83a895036.png', '', '<img src="/Public/uploads/pics/2015-06/557a83b4dec9f.jpg" alt="" /><img src="/Public/uploads/pics/2015-06/557a83b500334.jpg" alt="" /><img src="/Public/uploads/pics/2015-06/557a83b523a56.jpg" alt="" /><img src="/Public/uploads/pics/2015-06/557a83b5453c4.jpg" alt="" /><img src="/Public/uploads/pics/2015-06/557a83b560657.jpg" alt="" /><img src="/Public/uploads/pics/2015-06/557a83b5908ae.jpg" alt="" /><img src="/Public/uploads/pics/2015-06/557a83b5b58dd.jpg" alt="" /><img src="/Public/uploads/pics/2015-06/557a83b5d6299.jpg" alt="" /><img src="/Public/uploads/pics/2015-06/557a83b5f3bfa.jpg" alt="" /><img src="/Public/uploads/pics/2015-06/557a83b621ff2.jpg" alt="" /><img src="/Public/uploads/pics/2015-06/557a83b640a5f.jpg" alt="" /><img src="/Public/uploads/pics/2015-06/557a83b660464.jpg" alt="" /><img src="/Public/uploads/pics/2015-06/557a83b68a6b0.jpg" alt="" />', '1', 0, 0, '', 101, '', '', '', '', 'a:0:{}'),
(54, 54, 'DR1600604', '/Public/uploads/pics/2015-06/557a83ddae183.png', '', '<img src="/Public/uploads/pics/2015-06/557a83e9d14c6.jpg" alt="" /><img src="/Public/uploads/pics/2015-06/557a83e9eb23e.jpg" alt="" /><img src="/Public/uploads/pics/2015-06/557a83ea0b3d3.jpg" alt="" /><img src="/Public/uploads/pics/2015-06/557a83ea25b35.jpg" alt="" /><img src="/Public/uploads/pics/2015-06/557a83ea445e0.jpg" alt="" /><img src="/Public/uploads/pics/2015-06/557a83ea61b3f.jpg" alt="" /><img src="/Public/uploads/pics/2015-06/557a83ea846cd.jpg" alt="" /><img src="/Public/uploads/pics/2015-06/557a83eaa96e6.jpg" alt="" /><img src="/Public/uploads/pics/2015-06/557a83eac533f.jpg" alt="" /><img src="/Public/uploads/pics/2015-06/557a83eae7439.jpg" alt="" /><img src="/Public/uploads/pics/2015-06/557a83eb11bb4.jpg" alt="" /><img src="/Public/uploads/pics/2015-06/557a83eb3717f.jpg" alt="" /><img src="/Public/uploads/pics/2015-06/557a83eb60c8c.jpg" alt="" />', '1', 1, 0, '', 101, 'a:1:{i:0;s:9:"127.0.0.1";}', '', '', '', 'a:0:{}'),
(55, 55, 'DR1600605', '/Public/uploads/pics/2015-06/557a842c95fab.png', '', '<img src="/Public/uploads/pics/2015-06/557a843fddb7d.jpg" alt="" /><img src="/Public/uploads/pics/2015-06/557a844003812.jpg" alt="" /><img src="/Public/uploads/pics/2015-06/557a844019f6d.jpg" alt="" /><img src="/Public/uploads/pics/2015-06/557a84402fc5c.jpg" alt="" /><img src="/Public/uploads/pics/2015-06/557a844057a0b.jpg" alt="" /><img src="/Public/uploads/pics/2015-06/557a844072676.jpg" alt="" /><img src="/Public/uploads/pics/2015-06/557a844090c15.jpg" alt="" /><img src="/Public/uploads/pics/2015-06/557a8440b1346.jpg" alt="" /><img src="/Public/uploads/pics/2015-06/557a8440d1812.jpg" alt="" /><img src="/Public/uploads/pics/2015-06/557a8440f136a.jpg" alt="" /><img src="/Public/uploads/pics/2015-06/557a84411f3b9.jpg" alt="" /><img src="/Public/uploads/pics/2015-06/557a844144afc.jpg" alt="" />', '1', 0, 0, '', 101, '', '', '', '', 'a:0:{}');
INSERT INTO `product` (`product_id`, `product_sort`, `title`, `thumb`, `description`, `content`, `siteid`, `hits`, `favor`, `positions`, `cat_id`, `hits_ips`, `favor_ips`, `guige`, `pro_chang`, `pro_imgs`) VALUES
(56, 56, 'DR1600606', '/Public/uploads/pics/2015-06/557a84641319a.png', '', '<img src="/Public/uploads/pics/2015-06/557a8471d6386.jpg" alt="" /><img src="/Public/uploads/pics/2015-06/557a84720acdb.jpg" alt="" /><img src="/Public/uploads/pics/2015-06/557a84723280c.jpg" alt="" /><img src="/Public/uploads/pics/2015-06/557a847250316.jpg" alt="" /><img src="/Public/uploads/pics/2015-06/557a847271568.jpg" alt="" /><img src="/Public/uploads/pics/2015-06/557a8472933d1.jpg" alt="" /><img src="/Public/uploads/pics/2015-06/557a8472b1122.jpg" alt="" /><img src="/Public/uploads/pics/2015-06/557a8472da2f1.jpg" alt="" /><img src="/Public/uploads/pics/2015-06/557a8472f04c5.jpg" alt="" /><img src="/Public/uploads/pics/2015-06/557a84732190c.jpg" alt="" /><img src="/Public/uploads/pics/2015-06/557a8473408ad.jpg" alt="" /><img src="/Public/uploads/pics/2015-06/557a84735f010.jpg" alt="" /><img src="/Public/uploads/pics/2015-06/557a8473895ef.jpg" alt="" /><img src="/Public/uploads/pics/2015-06/557a8473a701a.jpg" alt="" />', '1', 0, 0, '', 101, '', '', '', '', 'a:0:{}'),
(57, 57, 'DR6000801', '/Public/uploads/pics/2015-06/557a848b1e3e9.png', '', '<img src="/Public/uploads/pics/2015-06/557a8497f37d5.jpg" alt="" /><img src="/Public/uploads/pics/2015-06/557a8498207ac.jpg" alt="" /><img src="/Public/uploads/pics/2015-06/557a8498478c9.jpg" alt="" /><img src="/Public/uploads/pics/2015-06/557a84986369f.jpg" alt="" /><img src="/Public/uploads/pics/2015-06/557a8498851fd.jpg" alt="" /><img src="/Public/uploads/pics/2015-06/557a8498ab6e7.jpg" alt="" /><img src="/Public/uploads/pics/2015-06/557a8498c9016.jpg" alt="" /><img src="/Public/uploads/pics/2015-06/557a8498ebb48.jpg" alt="" /><img src="/Public/uploads/pics/2015-06/557a8499160b8.jpg" alt="" /><img src="/Public/uploads/pics/2015-06/557a849933e0d.jpg" alt="" /><img src="/Public/uploads/pics/2015-06/557a849955b90.jpg" alt="" /><img src="/Public/uploads/pics/2015-06/557a849976955.jpg" alt="" /><img src="/Public/uploads/pics/2015-06/557a8499991d2.jpg" alt="" /><img src="/Public/uploads/pics/2015-06/557a8499ba649.jpg" alt="" />', '1', 0, 0, '', 101, '', '', '', '', 'a:0:{}'),
(58, 58, 'DR6000802', '/Public/uploads/pics/2015-06/557a84b7e0a4d.png', '', '<img src="/Public/uploads/pics/2015-06/557a84c4a59b4.jpg" alt="" /><img src="/Public/uploads/pics/2015-06/557a84c4cae9f.jpg" alt="" /><img src="/Public/uploads/pics/2015-06/557a84c4e8227.jpg" alt="" /><img src="/Public/uploads/pics/2015-06/557a84c51394b.jpg" alt="" /><img src="/Public/uploads/pics/2015-06/557a84c5346e8.jpg" alt="" /><img src="/Public/uploads/pics/2015-06/557a84c55c955.jpg" alt="" /><img src="/Public/uploads/pics/2015-06/557a84c574215.jpg" alt="" /><img src="/Public/uploads/pics/2015-06/557a84c59623f.jpg" alt="" /><img src="/Public/uploads/pics/2015-06/557a84c5bb101.jpg" alt="" /><img src="/Public/uploads/pics/2015-06/557a84c5da238.jpg" alt="" /><img src="/Public/uploads/pics/2015-06/557a84c609bb0.jpg" alt="" /><img src="/Public/uploads/pics/2015-06/557a84c6260d3.jpg" alt="" /><img src="/Public/uploads/pics/2015-06/557a84c63b36c.jpg" alt="" /><img src="/Public/uploads/pics/2015-06/557a84c650999.jpg" alt="" />', '1', 0, 0, '', 101, '', '', '', '', 'a:0:{}'),
(59, 59, 'DR6000803', '/Public/uploads/pics/2015-06/557a8529949a3.png', '', '<img src="/Public/uploads/pics/2015-06/557a853629a09.jpg" alt="" /><img src="/Public/uploads/pics/2015-06/557a85364d80a.jpg" alt="" /><img src="/Public/uploads/pics/2015-06/557a85366bbb9.jpg" alt="" /><img src="/Public/uploads/pics/2015-06/557a8536877a1.jpg" alt="" /><img src="/Public/uploads/pics/2015-06/557a8536a6c9a.jpg" alt="" /><img src="/Public/uploads/pics/2015-06/557a8536b4d51.jpg" alt="" /><img src="/Public/uploads/pics/2015-06/557a8536c3b26.jpg" alt="" /><img src="/Public/uploads/pics/2015-06/557a8536d57d6.jpg" alt="" /><img src="/Public/uploads/pics/2015-06/557a8536e973c.jpg" alt="" /><img src="/Public/uploads/pics/2015-06/557a85371e8c8.jpg" alt="" /><img src="/Public/uploads/pics/2015-06/557a85373eaf8.jpg" alt="" /><img src="/Public/uploads/pics/2015-06/557a85375b3d4.jpg" alt="" /><img src="/Public/uploads/pics/2015-06/557a853783da0.jpg" alt="" />', '1', 0, 0, '', 101, '', '', '', '', 'a:0:{}'),
(60, 60, 'DR6000804', '/Public/uploads/pics/2015-06/557a85635f787.png', '', '<img src="/Public/uploads/pics/2015-06/557a85722254d.jpg" alt="" /><img src="/Public/uploads/pics/2015-06/557a85723ec93.jpg" alt="" /><img src="/Public/uploads/pics/2015-06/557a85725d7e9.jpg" alt="" /><img src="/Public/uploads/pics/2015-06/557a85727ee41.jpg" alt="" /><img src="/Public/uploads/pics/2015-06/557a8572a01e6.jpg" alt="" /><img src="/Public/uploads/pics/2015-06/557a8572c2c92.jpg" alt="" /><img src="/Public/uploads/pics/2015-06/557a8572decd9.jpg" alt="" /><img src="/Public/uploads/pics/2015-06/557a857309412.jpg" alt="" /><img src="/Public/uploads/pics/2015-06/557a85732d2f9.jpg" alt="" /><img src="/Public/uploads/pics/2015-06/557a85734c6b0.jpg" alt="" /><img src="/Public/uploads/pics/2015-06/557a85736ceaa.jpg" alt="" /><img src="/Public/uploads/pics/2015-06/557a85738c4fe.jpg" alt="" /><img src="/Public/uploads/pics/2015-06/557a8573b0254.jpg" alt="" /><img src="/Public/uploads/pics/2015-06/557a8573d4231.jpg" alt="" />', '1', 0, 0, '', 101, '', '', '', '', 'a:0:{}'),
(61, 61, 'DR9201801', '/Public/uploads/pics/2015-06/557a85921006f.png', '', '<img src="/Public/uploads/pics/2015-06/557a859d421e7.jpg" alt="" /><img src="/Public/uploads/pics/2015-06/557a859d699be.jpg" alt="" /><img src="/Public/uploads/pics/2015-06/557a859d824ce.jpg" alt="" /><img src="/Public/uploads/pics/2015-06/557a859d9d655.jpg" alt="" /><img src="/Public/uploads/pics/2015-06/557a859dc32f8.jpg" alt="" /><img src="/Public/uploads/pics/2015-06/557a859ddfc1d.jpg" alt="" /><img src="/Public/uploads/pics/2015-06/557a859e13bc5.jpg" alt="" /><img src="/Public/uploads/pics/2015-06/557a859e25ce7.jpg" alt="" /><img src="/Public/uploads/pics/2015-06/557a859e3c756.jpg" alt="" /><img src="/Public/uploads/pics/2015-06/557a859e61132.jpg" alt="" /><img src="/Public/uploads/pics/2015-06/557a859e7b430.jpg" alt="" /><img src="/Public/uploads/pics/2015-06/557a859e90753.jpg" alt="" />', '1', 0, 0, '', 101, '', '', '', '', 'a:0:{}'),
(62, 62, 'DR9201802', '/Public/uploads/pics/2015-06/557a85c222304.png', '', '<img src="/Public/uploads/pics/2015-06/557a85cec7f06.jpg" alt="" /><img src="/Public/uploads/pics/2015-06/557a85cf071a0.jpg" alt="" /><img src="/Public/uploads/pics/2015-06/557a85cf2709a.jpg" alt="" /><img src="/Public/uploads/pics/2015-06/557a85cf4c0cf.jpg" alt="" /><img src="/Public/uploads/pics/2015-06/557a85cf6867f.jpg" alt="" /><img src="/Public/uploads/pics/2015-06/557a85cf7cda1.jpg" alt="" /><img src="/Public/uploads/pics/2015-06/557a85cf90647.jpg" alt="" /><img src="/Public/uploads/pics/2015-06/557a85cf9f85a.jpg" alt="" /><img src="/Public/uploads/pics/2015-06/557a85cfb4cd0.jpg" alt="" /><img src="/Public/uploads/pics/2015-06/557a85cfd8a0f.jpg" alt="" /><img src="/Public/uploads/pics/2015-06/557a85cff31da.jpg" alt="" /><img src="/Public/uploads/pics/2015-06/557a85d00c7f5.jpg" alt="" /><img src="/Public/uploads/pics/2015-06/557a85d02195f.jpg" alt="" />', '1', 0, 0, '', 101, '', '', '', '', 'a:0:{}'),
(63, 63, 'DR9201803', '/Public/uploads/pics/2015-06/557a85fb00994.png', '', '<img src="/Public/uploads/pics/2015-06/557a86096946e.jpg" alt="" /><img src="/Public/uploads/pics/2015-06/557a86099532d.jpg" alt="" /><img src="/Public/uploads/pics/2015-06/557a8609b1be0.jpg" alt="" /><img src="/Public/uploads/pics/2015-06/557a8609ceccb.jpg" alt="" /><img src="/Public/uploads/pics/2015-06/557a8609efaa5.jpg" alt="" /><img src="/Public/uploads/pics/2015-06/557a860a1dab1.jpg" alt="" /><img src="/Public/uploads/pics/2015-06/557a860a3ae78.jpg" alt="" /><img src="/Public/uploads/pics/2015-06/557a860a5d74b.jpg" alt="" /><img src="/Public/uploads/pics/2015-06/557a860a73226.jpg" alt="" /><img src="/Public/uploads/pics/2015-06/557a860a8bfc2.jpg" alt="" /><img src="/Public/uploads/pics/2015-06/557a860aae8cc.jpg" alt="" /><img src="/Public/uploads/pics/2015-06/557a860ad29b4.jpg" alt="" />', '1', 1, 0, '', 101, 'a:1:{i:0;s:9:"127.0.0.1";}', '', '', '', 'a:0:{}'),
(64, 64, 'DR9201804', '/Public/uploads/pics/2015-06/557a86327853b.png', '', '<img src="/Public/uploads/pics/2015-06/557a863fec7db.jpg" alt="" /><img src="/Public/uploads/pics/2015-06/557a86401086f.jpg" alt="" /><img src="/Public/uploads/pics/2015-06/557a86402c84d.jpg" alt="" /><img src="/Public/uploads/pics/2015-06/557a86404be8b.jpg" alt="" /><img src="/Public/uploads/pics/2015-06/557a86407fc05.jpg" alt="" /><img src="/Public/uploads/pics/2015-06/557a8640a0521.jpg" alt="" /><img src="/Public/uploads/pics/2015-06/557a8640c5aeb.jpg" alt="" /><img src="/Public/uploads/pics/2015-06/557a8640d7a61.jpg" alt="" /><img src="/Public/uploads/pics/2015-06/557a8640e6875.jpg" alt="" /><img src="/Public/uploads/pics/2015-06/557a86410dabe.jpg" alt="" /><img src="/Public/uploads/pics/2015-06/557a86412f1c8.jpg" alt="" /><img src="/Public/uploads/pics/2015-06/557a8641561f8.jpg" alt="" />', '1', 0, 0, '', 101, '', '', '', '', 'a:0:{}'),
(65, 65, 'DR9201805', '/Public/uploads/pics/2015-06/557a8667976d5.png', '', '<img src="/Public/uploads/pics/2015-06/557a86751ff0f.jpg" alt="" /><img src="/Public/uploads/pics/2015-06/557a8675464fe.jpg" alt="" /><img src="/Public/uploads/pics/2015-06/557a86756c4e9.jpg" alt="" /><img src="/Public/uploads/pics/2015-06/557a86757f758.jpg" alt="" /><img src="/Public/uploads/pics/2015-06/557a8675a4ef8.jpg" alt="" /><img src="/Public/uploads/pics/2015-06/557a8675c678b.jpg" alt="" /><img src="/Public/uploads/pics/2015-06/557a8675e5643.jpg" alt="" /><img src="/Public/uploads/pics/2015-06/557a86760f740.jpg" alt="" /><img src="/Public/uploads/pics/2015-06/557a867631fb0.jpg" alt="" /><img src="/Public/uploads/pics/2015-06/557a867659383.jpg" alt="" />', '1', 0, 0, '', 101, '', '', '', '', 'a:0:{}'),
(66, 66, 'DR9201806', '/Public/uploads/pics/2015-06/557a86a05e442.png', '', '<img src="/Public/uploads/pics/2015-06/557a86b031064.jpg" alt="" /><img src="/Public/uploads/pics/2015-06/557a86b045926.jpg" alt="" /><img src="/Public/uploads/pics/2015-06/557a86b05ca4f.jpg" alt="" /><img src="/Public/uploads/pics/2015-06/557a86b0710d5.jpg" alt="" /><img src="/Public/uploads/pics/2015-06/557a86b08b1df.jpg" alt="" /><img src="/Public/uploads/pics/2015-06/557a86b0adc7c.jpg" alt="" /><img src="/Public/uploads/pics/2015-06/557a86b0d570e.jpg" alt="" /><img src="/Public/uploads/pics/2015-06/557a86b0ea060.jpg" alt="" /><img src="/Public/uploads/pics/2015-06/557a86b106ac3.jpg" alt="" /><img src="/Public/uploads/pics/2015-06/557a86b12d23e.jpg" alt="" /><img src="/Public/uploads/pics/2015-06/557a86b15255e.jpg" alt="" />', '1', 2, 0, '', 101, 'a:2:{i:0;s:14:"192.168.200.12";i:1;s:9:"127.0.0.1";}', '', '', '', 'a:0:{}'),
(67, 67, 'DR9201807', '/Public/uploads/pics/2015-06/557a86c8825bf.png', '', '<img src="/Public/uploads/pics/2015-06/557a86d773655.jpg" alt="" /><img src="/Public/uploads/pics/2015-06/557a86d79d1ec.jpg" alt="" /><img src="/Public/uploads/pics/2015-06/557a86d7af658.jpg" alt="" /><img src="/Public/uploads/pics/2015-06/557a86d7bfd67.jpg" alt="" /><img src="/Public/uploads/pics/2015-06/557a86d7d53cf.jpg" alt="" /><img src="/Public/uploads/pics/2015-06/557a86d804dde.jpg" alt="" /><img src="/Public/uploads/pics/2015-06/557a86d8273a1.jpg" alt="" /><img src="/Public/uploads/pics/2015-06/557a86d83fabe.jpg" alt="" /><img src="/Public/uploads/pics/2015-06/557a86d86742b.jpg" alt="" /><img src="/Public/uploads/pics/2015-06/557a86d88c044.jpg" alt="" />', '1', 0, 0, '', 101, '', '', '', '', 'a:0:{}'),
(68, 68, 'SR690011', '/Public/uploads/pics/2015-06/557a86fabf1cf.png', '', '<img src="/Public/uploads/pics/2015-06/557a870b3a1ee.jpg" alt="" /><img src="/Public/uploads/pics/2015-06/557a870b5a88c.jpg" alt="" /><img src="/Public/uploads/pics/2015-06/557a870b76920.jpg" alt="" /><img src="/Public/uploads/pics/2015-06/557a870b9aed0.jpg" alt="" /><img src="/Public/uploads/pics/2015-06/557a870bb84f3.jpg" alt="" /><img src="/Public/uploads/pics/2015-06/557a870bd231e.jpg" alt="" /><img src="/Public/uploads/pics/2015-06/557a870c04f2f.jpg" alt="" /><img src="/Public/uploads/pics/2015-06/557a870c23c26.jpg" alt="" /><img src="/Public/uploads/pics/2015-06/557a870c48f8f.jpg" alt="" /><img src="/Public/uploads/pics/2015-06/557a870c650ec.jpg" alt="" /><img src="/Public/uploads/pics/2015-06/557a870c85103.jpg" alt="" /><img src="/Public/uploads/pics/2015-06/557a870ca96c3.jpg" alt="" /><img src="/Public/uploads/pics/2015-06/557a870cce6bc.jpg" alt="" /><img src="/Public/uploads/pics/2015-06/557a870cebd28.jpg" alt="" />', '1', 0, 0, '', 101, '', '', '', '', 'a:0:{}'),
(69, 69, 'SR690013', '/Public/uploads/pics/2015-06/557a872a7d4e7.png', '', '<img src="/Public/uploads/pics/2015-06/557a8739a6881.jpg" alt="" /><img src="/Public/uploads/pics/2015-06/557a8739c58f7.jpg" alt="" /><img src="/Public/uploads/pics/2015-06/557a8739e11c0.jpg" alt="" /><img src="/Public/uploads/pics/2015-06/557a873a11570.jpg" alt="" /><img src="/Public/uploads/pics/2015-06/557a873a3248b.jpg" alt="" /><img src="/Public/uploads/pics/2015-06/557a873a5c1cd.jpg" alt="" /><img src="/Public/uploads/pics/2015-06/557a873a8748d.jpg" alt="" /><img src="/Public/uploads/pics/2015-06/557a873aa5465.jpg" alt="" /><img src="/Public/uploads/pics/2015-06/557a873abe67f.jpg" alt="" />', '1', 0, 0, '', 101, '', '', '', '', 'a:0:{}'),
(70, 70, 'SR690022', '/Public/uploads/pics/2015-06/557a876745968.png', '', '<img src="/Public/uploads/pics/2015-06/557a8777ee161.jpg" alt="" /><img src="/Public/uploads/pics/2015-06/557a8778155ed.jpg" alt="" /><img src="/Public/uploads/pics/2015-06/557a877839bca.jpg" alt="" /><img src="/Public/uploads/pics/2015-06/557a877859b27.jpg" alt="" /><img src="/Public/uploads/pics/2015-06/557a87786f10c.jpg" alt="" /><img src="/Public/uploads/pics/2015-06/557a87789941d.jpg" alt="" /><img src="/Public/uploads/pics/2015-06/557a8778b7017.jpg" alt="" /><img src="/Public/uploads/pics/2015-06/557a8778d9754.jpg" alt="" /><img src="/Public/uploads/pics/2015-06/557a8779064b0.jpg" alt="" />', '1', 0, 0, '', 101, '', '', '', '', 'a:0:{}'),
(71, 71, 'SR690031', '/Public/uploads/pics/2015-06/557a87b1dbb35.png', '', '<img src="/Public/uploads/pics/2015-06/557a87c13a9a1.jpg" alt="" /><img src="/Public/uploads/pics/2015-06/557a87c164064.jpg" alt="" /><img src="/Public/uploads/pics/2015-06/557a87c184771.jpg" alt="" /><img src="/Public/uploads/pics/2015-06/557a87c1a200d.jpg" alt="" /><img src="/Public/uploads/pics/2015-06/557a87c1cb976.jpg" alt="" /><img src="/Public/uploads/pics/2015-06/557a87c1f298d.jpg" alt="" /><img src="/Public/uploads/pics/2015-06/557a87c224731.jpg" alt="" />', '1', 0, 0, '', 101, '', '', '', '', 'a:0:{}'),
(72, 72, 'SR690032', '/Public/uploads/pics/2015-06/557a87dbe9a59.png', '', '<img src="/Public/uploads/pics/2015-06/557a87f54a6dc.jpg" alt="" /><img src="/Public/uploads/pics/2015-06/557a87f5770cd.jpg" alt="" /><img src="/Public/uploads/pics/2015-06/557a87f5a10ba.jpg" alt="" /><img src="/Public/uploads/pics/2015-06/557a87f5bdf9b.jpg" alt="" /><img src="/Public/uploads/pics/2015-06/557a87f5e3f97.jpg" alt="" /><img src="/Public/uploads/pics/2015-06/557a87f60b711.jpg" alt="" /><img src="/Public/uploads/pics/2015-06/557a87f626a1d.jpg" alt="" /><img src="/Public/uploads/pics/2015-06/557a87f6517eb.jpg" alt="" /><img src="/Public/uploads/pics/2015-06/557a87f668d47.jpg" alt="" />', '1', 0, 0, '', 101, '', '', '', '', 'a:0:{}'),
(73, 73, 'DR9201808', '/Public/uploads/pics/2015-06/557a887d0e194.png', '', '<img src="/Public/uploads/pics/2015-06/557a889182991.jpg" alt="" /><img src="/Public/uploads/pics/2015-06/557a889198746.jpg" alt="" /><img src="/Public/uploads/pics/2015-06/557a8891be245.jpg" alt="" /><img src="/Public/uploads/pics/2015-06/557a8891e17f5.jpg" alt="" /><img src="/Public/uploads/pics/2015-06/557a88920ccff.jpg" alt="" /><img src="/Public/uploads/pics/2015-06/557a88922996e.jpg" alt="" /><img src="/Public/uploads/pics/2015-06/557a889244710.jpg" alt="" /><img src="/Public/uploads/pics/2015-06/557a889252575.jpg" alt="" /><img src="/Public/uploads/pics/2015-06/557a889261a75.jpg" alt="" /><img src="/Public/uploads/pics/2015-06/557a889273969.jpg" alt="" /><img src="/Public/uploads/pics/2015-06/557a889282e6f.jpg" alt="" /><img src="/Public/uploads/pics/2015-06/557a889293401.jpg" alt="" /><img src="/Public/uploads/pics/2015-06/557a8892a46f0.jpg" alt="" />', '1', 0, 0, '', 101, '', '', '', '', 'a:0:{}'),
(74, 74, 'HW0670', '/Public/uploads/pics/2015-06/557a88bfd3d58.png', '', '<img src="/Public/uploads/pics/2015-06/557a88ccb5e58.jpg" alt="" /><img src="/Public/uploads/pics/2015-06/557a88ccdbe96.jpg" alt="" /><img src="/Public/uploads/pics/2015-06/557a88ccf1009.jpg" alt="" /><img src="/Public/uploads/pics/2015-06/557a88cd0c51b.jpg" alt="" /><img src="/Public/uploads/pics/2015-06/557a88cd1ba23.jpg" alt="" /><img src="/Public/uploads/pics/2015-06/557a88cd3b4a5.jpg" alt="" /><img src="/Public/uploads/pics/2015-06/557a88cd4b593.jpg" alt="" /><img src="/Public/uploads/pics/2015-06/557a88cd64109.jpg" alt="" /><img src="/Public/uploads/pics/2015-06/557a88cd85dc0.jpg" alt="" /><img src="/Public/uploads/pics/2015-06/557a88cda562c.jpg" alt="" /><img src="/Public/uploads/pics/2015-06/557a88cdc034a.jpg" alt="" /><img src="/Public/uploads/pics/2015-06/557a88cdce799.jpg" alt="" /><img src="/Public/uploads/pics/2015-06/557a88cde99a0.jpg" alt="" /><img src="/Public/uploads/pics/2015-06/557a88ce14b3b.jpg" alt="" /><img src="/Public/uploads/pics/2015-06/557a88ce34576.jpg" alt="" />', '1', 1, 0, '', 104, 'a:1:{i:0;s:9:"127.0.0.1";}', '', '', '', 'a:0:{}'),
(75, 75, 'HW0671', '/Public/uploads/pics/2015-06/557a88ecc8a3a.png', '', '<img src="/Public/uploads/pics/2015-06/557a88f8eaedd.jpg" alt="" /><img src="/Public/uploads/pics/2015-06/557a88f91b8e1.jpg" alt="" /><img src="/Public/uploads/pics/2015-06/557a88f9362ac.jpg" alt="" /><img src="/Public/uploads/pics/2015-06/557a88f95e3d8.jpg" alt="" /><img src="/Public/uploads/pics/2015-06/557a88f975642.jpg" alt="" /><img src="/Public/uploads/pics/2015-06/557a88f98f96a.jpg" alt="" /><img src="/Public/uploads/pics/2015-06/557a88f9a7b4c.jpg" alt="" /><img src="/Public/uploads/pics/2015-06/557a88f9c57aa.jpg" alt="" /><img src="/Public/uploads/pics/2015-06/557a88f9e83a4.jpg" alt="" /><img src="/Public/uploads/pics/2015-06/557a88fa18e66.jpg" alt="" /><img src="/Public/uploads/pics/2015-06/557a88fa44a5e.jpg" alt="" /><img src="/Public/uploads/pics/2015-06/557a88fa64419.jpg" alt="" /><img src="/Public/uploads/pics/2015-06/557a88fa8b601.jpg" alt="" /><img src="/Public/uploads/pics/2015-06/557a88faab637.jpg" alt="" /><img src="/Public/uploads/pics/2015-06/557a88fac9e1d.jpg" alt="" />', '1', 0, 0, '', 104, '', '', '', '', 'a:0:{}'),
(76, 76, 'HW0672', '/Public/uploads/pics/2015-06/557a89250d96f.png', '', '<img src="/Public/uploads/pics/2015-06/557a89365dca7.jpg" alt="" /><img src="/Public/uploads/pics/2015-06/557a893676bad.jpg" alt="" /><img src="/Public/uploads/pics/2015-06/557a89368e0c4.jpg" alt="" /><img src="/Public/uploads/pics/2015-06/557a8936a5890.jpg" alt="" /><img src="/Public/uploads/pics/2015-06/557a8936c3baf.jpg" alt="" /><img src="/Public/uploads/pics/2015-06/557a8936e805c.jpg" alt="" /><img src="/Public/uploads/pics/2015-06/557a89370fc69.jpg" alt="" /><img src="/Public/uploads/pics/2015-06/557a893733f56.jpg" alt="" /><img src="/Public/uploads/pics/2015-06/557a8937549e2.jpg" alt="" /><img src="/Public/uploads/pics/2015-06/557a8937754b7.jpg" alt="" /><img src="/Public/uploads/pics/2015-06/557a893797188.jpg" alt="" /><img src="/Public/uploads/pics/2015-06/557a8937b39d9.jpg" alt="" /><img src="/Public/uploads/pics/2015-06/557a8937d5e09.jpg" alt="" /><img src="/Public/uploads/pics/2015-06/557a8937f08d1.jpg" alt="" /><img src="/Public/uploads/pics/2015-06/557a893811cb5.jpg" alt="" />', '1', 1, 0, '', 104, 'a:1:{i:0;s:9:"127.0.0.1";}', '', '', '', 'a:0:{}'),
(77, 77, 'HW0673', '/Public/uploads/pics/2015-06/557a8955d11e9.png', '', '<img src="/Public/uploads/pics/2015-06/557a8963dce88.jpg" alt="" /><img src="/Public/uploads/pics/2015-06/557a896403a71.jpg" alt="" /><img src="/Public/uploads/pics/2015-06/557a896418b79.jpg" alt="" /><img src="/Public/uploads/pics/2015-06/557a896428345.jpg" alt="" /><img src="/Public/uploads/pics/2015-06/557a896436d90.jpg" alt="" /><img src="/Public/uploads/pics/2015-06/557a89644d7e2.jpg" alt="" /><img src="/Public/uploads/pics/2015-06/557a896476b90.jpg" alt="" /><img src="/Public/uploads/pics/2015-06/557a89648c7f3.jpg" alt="" /><img src="/Public/uploads/pics/2015-06/557a8964974c1.jpg" alt="" /><img src="/Public/uploads/pics/2015-06/557a8964b3ca2.jpg" alt="" /><img src="/Public/uploads/pics/2015-06/557a8964d3458.jpg" alt="" /><img src="/Public/uploads/pics/2015-06/557a8965014d4.jpg" alt="" /><img src="/Public/uploads/pics/2015-06/557a89651f2f7.jpg" alt="" /><img src="/Public/uploads/pics/2015-06/557a896540931.jpg" alt="" /><img src="/Public/uploads/pics/2015-06/557a896563e8c.jpg" alt="" />', '1', 0, 0, '', 104, '', '', '', '', 'a:0:{}'),
(78, 78, 'HW0674', '/Public/uploads/pics/2015-06/557a8983747d5.png', '', '<img src="/Public/uploads/pics/2015-06/557a899621d61.jpg" alt="" /><img src="/Public/uploads/pics/2015-06/557a89963a025.jpg" alt="" /><img src="/Public/uploads/pics/2015-06/557a89965277b.jpg" alt="" /><img src="/Public/uploads/pics/2015-06/557a89966000e.jpg" alt="" /><img src="/Public/uploads/pics/2015-06/557a89967195a.jpg" alt="" /><img src="/Public/uploads/pics/2015-06/557a89968358a.jpg" alt="" /><img src="/Public/uploads/pics/2015-06/557a899691e84.jpg" alt="" /><img src="/Public/uploads/pics/2015-06/557a89969dd99.jpg" alt="" /><img src="/Public/uploads/pics/2015-06/557a8996b6828.jpg" alt="" /><img src="/Public/uploads/pics/2015-06/557a8996d9596.jpg" alt="" /><img src="/Public/uploads/pics/2015-06/557a899706721.jpg" alt="" /><img src="/Public/uploads/pics/2015-06/557a899723482.jpg" alt="" /><img src="/Public/uploads/pics/2015-06/557a8997473a6.jpg" alt="" /><img src="/Public/uploads/pics/2015-06/557a899767f39.jpg" alt="" /><img src="/Public/uploads/pics/2015-06/557a899791695.jpg" alt="" />', '1', 0, 0, '', 104, '', '', '', '', 'a:0:{}'),
(79, 79, 'HW0675', '/Public/uploads/pics/2015-06/557a89c308c28.png', '', '<img src="/Public/uploads/pics/2015-06/557a89d3c2dae.jpg" alt="" /><img src="/Public/uploads/pics/2015-06/557a89d3deb57.jpg" alt="" /><img src="/Public/uploads/pics/2015-06/557a89d3f0a76.jpg" alt="" /><img src="/Public/uploads/pics/2015-06/557a89d40ca23.jpg" alt="" /><img src="/Public/uploads/pics/2015-06/557a89d41d1a9.jpg" alt="" /><img src="/Public/uploads/pics/2015-06/557a89d42c437.jpg" alt="" /><img src="/Public/uploads/pics/2015-06/557a89d448070.jpg" alt="" /><img src="/Public/uploads/pics/2015-06/557a89d46ac05.jpg" alt="" /><img src="/Public/uploads/pics/2015-06/557a89d488dcc.jpg" alt="" /><img src="/Public/uploads/pics/2015-06/557a89d4a8a14.jpg" alt="" /><img src="/Public/uploads/pics/2015-06/557a89d4c8e8a.jpg" alt="" /><img src="/Public/uploads/pics/2015-06/557a89d4eb840.jpg" alt="" /><img src="/Public/uploads/pics/2015-06/557a89d5109dd.jpg" alt="" /><img src="/Public/uploads/pics/2015-06/557a89d534000.jpg" alt="" /><img src="/Public/uploads/pics/2015-06/557a89d55bdb1.jpg" alt="" />', '1', 0, 0, '', 104, '', '', '', '', 'a:0:{}'),
(80, 80, 'HW0676', '/Public/uploads/pics/2015-06/557a8a015b643.png', '', '<img src="/Public/uploads/pics/2015-06/557a8a0c3787c.jpg" alt="" /><img src="/Public/uploads/pics/2015-06/557a8a0c55b1e.jpg" alt="" /><img src="/Public/uploads/pics/2015-06/557a8a0c696b4.jpg" alt="" /><img src="/Public/uploads/pics/2015-06/557a8a0c88e69.jpg" alt="" /><img src="/Public/uploads/pics/2015-06/557a8a0cadf94.jpg" alt="" /><img src="/Public/uploads/pics/2015-06/557a8a0ccaf48.jpg" alt="" /><img src="/Public/uploads/pics/2015-06/557a8a0cebbc4.jpg" alt="" /><img src="/Public/uploads/pics/2015-06/557a8a0d1720d.jpg" alt="" /><img src="/Public/uploads/pics/2015-06/557a8a0d3aead.jpg" alt="" /><img src="/Public/uploads/pics/2015-06/557a8a0d5de29.jpg" alt="" /><img src="/Public/uploads/pics/2015-06/557a8a0d7debb.jpg" alt="" /><img src="/Public/uploads/pics/2015-06/557a8a0d9aff1.jpg" alt="" /><img src="/Public/uploads/pics/2015-06/557a8a0dbeea0.jpg" alt="" /><img src="/Public/uploads/pics/2015-06/557a8a0ddc5da.jpg" alt="" /><img src="/Public/uploads/pics/2015-06/557a8a0e12eef.jpg" alt="" />', '1', 1, 0, '', 104, 'a:1:{i:0;s:9:"127.0.0.1";}', '', '', '', 'a:0:{}');

-- --------------------------------------------------------

--
-- 表的结构 `relative_pro`
--

CREATE TABLE IF NOT EXISTS `relative_pro` (
  `re_id` int(11) NOT NULL AUTO_INCREMENT,
  `catalog_id` int(11) NOT NULL,
  `re_pro_ids` text NOT NULL,
  PRIMARY KEY (`re_id`)
) ENGINE=InnoDB  DEFAULT CHARSET=utf8 AUTO_INCREMENT=2 ;

--
-- 转存表中的数据 `relative_pro`
--

INSERT INTO `relative_pro` (`re_id`, `catalog_id`, `re_pro_ids`) VALUES
(1, 2, '1,4,');

-- --------------------------------------------------------

--
-- 表的结构 `website`
--

CREATE TABLE IF NOT EXISTS `website` (
  `website_id` int(11) NOT NULL AUTO_INCREMENT,
  `website_sort` int(11) NOT NULL DEFAULT '0',
  `webname` varchar(255) NOT NULL DEFAULT '',
  `weburl` varchar(255) NOT NULL DEFAULT '',
  `siteUrl` varchar(255) NOT NULL DEFAULT '',
  PRIMARY KEY (`website_id`)
) ENGINE=MyISAM  DEFAULT CHARSET=utf8 AUTO_INCREMENT=4 ;

--
-- 转存表中的数据 `website`
--

INSERT INTO `website` (`website_id`, `website_sort`, `webname`, `weburl`, `siteUrl`) VALUES
(1, 1431670216, '中文站点', 'default', 'http://jz.izhanyun.com/'),
(2, 1432178718, '手机站', 'mobile', 'http://jz.izhanyun.com/index.php/Content/index/siteid/2'),
(3, 1432015785, 'PC英文站', 'english', 'http://jz.izhanyun.com/index.php/Content/index/siteid/3');

-- --------------------------------------------------------

--
-- 表的结构 `web_baseinfo`
--

CREATE TABLE IF NOT EXISTS `web_baseinfo` (
  `web_baseinfo_id` int(11) NOT NULL AUTO_INCREMENT,
  `web_baseinfo_sort` int(11) NOT NULL DEFAULT '0',
  `info_key` varchar(255) NOT NULL DEFAULT '',
  `info_val` varchar(255) NOT NULL DEFAULT '',
  `siteid` varchar(255) NOT NULL DEFAULT '',
  PRIMARY KEY (`web_baseinfo_id`)
) ENGINE=MyISAM  DEFAULT CHARSET=utf8 AUTO_INCREMENT=4 ;

--
-- 转存表中的数据 `web_baseinfo`
--

INSERT INTO `web_baseinfo` (`web_baseinfo_id`, `web_baseinfo_sort`, `info_key`, `info_val`, `siteid`) VALUES
(1, 1431999484, 'title', '美派瓷砖', '1'),
(2, 1431999511, 'description', '美派瓷砖', '1'),
(3, 1431999505, 'keywords', '美派瓷砖', '1');

/*!40101 SET CHARACTER_SET_CLIENT=@OLD_CHARACTER_SET_CLIENT */;
/*!40101 SET CHARACTER_SET_RESULTS=@OLD_CHARACTER_SET_RESULTS */;
/*!40101 SET COLLATION_CONNECTION=@OLD_COLLATION_CONNECTION */;
